Wavelength,Intensity
194.9648667,989.0
195.23630391108566,1011.0
195.50773147432525,1058.0
195.77914938969263,970.0
196.0505576571618,995.0
196.32195627670666,995.0
196.59334524830112,1004.0
196.86472457191908,996.0
197.13609424753452,994.0
197.4074542751213,999.0
197.67880465465336,1006.0
197.9501453861046,1012.0
198.221476469449,1033.0
198.49279790466042,988.0
198.7641096917128,1002.0
199.03541183058002,1005.0
199.3067043212361,1011.0
199.5779871636549,998.0
199.84926035781032,1006.0
200.12052390367631,1014.0
200.3917778012268,1017.0
200.66302205043567,1001.0
200.93425665127685,1025.0
201.20548160372428,977.0
201.4766969077519,997.0
201.74790256333358,991.0
202.01909857044328,1002.0
202.29028492905485,1006.0
202.56146163914232,1001.0
202.83262870067955,990.0
203.10378611364044,995.0
203.37493387799896,1005.0
203.64607199372895,1016.0
203.91720046080442,968.0
204.18831927919925,987.0
204.45942844888737,991.0
204.73052796984268,999.0
205.0016178420391,1008.0
205.2726980654506,1001.0
205.54376864005107,996.0
205.81482956581436,1013.0
206.08588084271452,1008.0
206.3569224707254,1027.0
206.6279544498209,982.0
206.89897677997493,1008.0
207.1699894611615,998.0
207.44099249335446,1000.0
207.71198587652776,1004.0
207.9829696106553,998.0
208.25394369571094,987.0
208.52490813166872,1010.0
208.79586291850254,1005.0
209.0668080561862,1018.0
209.33774354469375,989.0
209.60866938399909,1009.0
209.87958557407612,1009.0
210.15049211489873,1004.0
210.42138900644082,1015.0
210.69227624867642,994.0
210.96315384157936,996.0
211.2340217851236,1000.0
211.504880079283,1006.0
211.77572872403158,1044.0
212.0465677193432,985.0
212.31739706519178,1006.0
212.58821676155122,994.0
212.8590268083955,1006.0
213.1298272056985,994.0
213.40061795343414,1001.0
213.67139905157634,990.0
213.94217050009902,1016.0
214.21293229897614,1018.0
214.48368444818158,1025.0
214.75442694768924,985.0
215.0251597974731,1003.0
215.29588299750702,995.0
215.56659654776496,1001.0
215.83730044822082,1003.0
216.10799469884853,1007.0
216.378679299622,1002.0
216.64935425051522,1013.0
216.92001955150198,1013.0
217.19067520255626,1031.0
217.46132120365203,985.0
217.73195755476314,1017.0
218.00258425586358,999.0
218.27320130692718,1000.0
218.54380870792792,1010.0
218.81440645883973,991.0
219.0849945596365,1000.0
219.35557301029212,1003.0
219.6261418107806,1012.0
219.8967009610758,1034.0
220.16725046115164,978.0
220.43779031098202,1000.0
220.70832051054094,1014.0
220.97884105980225,1004.0
221.2493519587399,990.0
221.5198532073278,1009.0
221.79034480553983,1000.0
222.06082675335,1003.0
222.33129905073216,996.0
222.60176169766024,1024.0
222.87221469410818,965.0
223.14265804004987,988.0
223.41309173545932,988.0
223.6835157803103,1006.0
223.95393017457684,996.0
224.22433491823284,1009.0
224.4947300112522,990.0
224.76511545360884,1002.0
225.0354912452767,1008.0
225.3058573862297,1020.0
225.57621387644173,968.0
225.84656071588677,993.0
226.11689790453866,991.0
226.3872254423714,998.0
226.65754332935884,991.0
226.92785156547495,993.0
227.1981501506936,994.0
227.46843908498877,1006.0
227.7387183683344,1014.0
228.0089880007043,1034.0
228.27924798207246,982.0
228.54949831241277,1003.0
228.8197389916992,1001.0
229.08997001990565,1000.0
229.36019139700602,998.0
229.63040312297423,1004.0
229.90060519778424,1000.0
230.17079762140995,1012.0
230.44098039382527,1020.0
230.71115351500407,1040.0
230.98131698492037,979.0
231.25147080354805,1013.0
231.52161497086098,1014.0
231.79174948683314,999.0
232.06187435143846,1002.0
232.33198956465083,999.0
232.60209512644417,997.0
232.87219103679237,1005.0
233.1422772956694,995.0
233.41235390304922,1035.0
233.68242085890563,984.0
233.95247816321262,1009.0
234.22252581594412,1005.0
234.49256381707403,1017.0
234.7625921665763,1013.0
235.0326108644248,1006.0
235.30261991059345,1005.0
235.57261930505626,1007.0
235.84260904778702,1016.0
236.11258913875972,1041.0
236.3825595779483,993.0
236.65252036532667,1006.0
236.92247150086874,993.0
237.19241298454838,997.0
237.46234481633957,1013.0
237.73226699621623,1006.0
238.00217952415227,999.0
238.27208240012158,1008.0
238.54197562409814,1014.0
238.8118591960558,1024.0
239.08173311596855,974.0
239.3515973838103,1001.0
239.62145199955484,997.0
239.89129696317627,1008.0
240.16113227464845,997.0
240.43095793394528,998.0
240.70077394104064,985.0
240.97058029590852,1013.0
241.24037699852283,1013.0
241.51016404885752,1045.0
241.77994144688643,991.0
242.04970919258346,1007.0
242.31946728592266,998.0
242.58921572687785,990.0
242.85895451542294,1008.0
243.12868365153196,1002.0
243.39840313517874,1013.0
243.66811296633722,1012.0
243.9378131449813,1002.0
244.2075036710849,1030.0
244.47718454462196,987.0
244.74685576556644,1006.0
245.01651733389218,1001.0
245.28616924957313,999.0
245.55581151258326,1010.0
245.82544412289644,995.0
246.09506708048661,998.0
246.36468038532763,1013.0
246.6342840373935,1012.0
246.9038780366581,1028.0
247.1734623830954,969.0
247.44303707667922,992.0
247.71260211738357,1008.0
247.98215750518236,1002.0
248.25170324004947,988.0
248.5212393219588,1003.0
248.79076575088433,1005.0
249.06028252679997,996.0
249.32978964967967,1009.0
249.59928711949726,1033.0
249.86877493622674,979.0
250.13825309984196,1006.0
250.4077216103169,1004.0
250.67718046762548,1007.0
250.94662967174156,992.0
251.21606922263916,994.0
251.4854991202921,995.0
251.75491936467432,1004.0
252.0243299557598,1012.0
252.29373089352242,1036.0
252.5631221779361,997.0
252.83250380897474,1008.0
253.1018757866123,1007.0
253.37123811082267,1004.0
253.6405907815798,1019.0
253.9099337988576,1001.0
254.1792671626299,994.0
254.4485908728708,1004.0
254.7179049295541,1019.0
254.98720933265372,1038.0
255.25650408214364,983.0
255.52578917799767,1005.0
255.79506462018986,1006.0
256.06433040869405,1005.0
256.33358654348416,986.0
256.60283302453416,997.0
256.87206985181797,999.0
257.1412970253095,991.0
257.41051454498256,1003.0
257.6797224108112,1019.0
257.9489206227693,971.0
258.2181091808308,990.0
258.48728808496963,987.0
258.7564573351596,990.0
259.0256169313748,994.0
259.2947668735891,996.0
259.5639071617763,997.0
259.83303779591046,987.0
260.10215877596534,1003.0
260.37127010191506,1022.0
260.64037177373336,972.0
260.90946379139433,998.0
261.17854615487175,1005.0
261.4476188641396,1017.0
261.7166819191719,1007.0
261.98573531994236,992.0
262.254779066425,992.0
262.5238131585938,1003.0
262.7928375964225,1011.0
263.0618523798853,1031.0
263.33085750895583,978.0
263.59985298360823,1005.0
263.86883880381635,1009.0
264.1378149695541,1008.0
264.40678148079536,1001.0
264.675738337514,1009.0
264.94468553968426,993.0
265.2136230872796,994.0
265.48255098027425,1010.0
265.75146921864206,1024.0
266.0203778023569,978.0
266.28927673139276,1022.0
266.55816600572354,1010.0
266.8270456253231,997.0
267.09591559016536,996.0
267.3647759002244,996.0
267.63362655547394,990.0
267.90246755588805,994.0
268.17129890144054,988.0
268.4401205921055,1023.0
268.7089326278566,986.0
268.9777350086678,1001.0
269.24652773451334,1004.0
269.5153108053667,1013.0
269.7840842212021,1006.0
270.0528479819934,1021.0
270.32160208771444,1004.0
270.5903465383392,1006.0
270.8590813338416,1009.0
271.12780647419555,1022.0
271.39652195937487,977.0
271.6652277893537,996.0
271.9339239641058,994.0
272.2026104836051,995.0
272.4712873478256,990.0
272.73995455674117,1001.0
273.0086121103257,1001.0
273.2772600085531,994.0
273.54589825139743,1008.0
273.8145268388324,1023.0
274.0831457708321,982.0
274.3517550473704,1004.0
274.62035466842116,1002.0
274.88894463395843,1006.0
275.157524943956,1002.0
275.4260955983878,1010.0
275.69465659722783,1005.0
275.96320794045,995.0
276.2317496280281,1008.0
276.50028165993626,1027.0
276.76880403614825,983.0
277.03731675663806,1009.0
277.30581982137954,992.0
277.57431323034666,989.0
277.8427969835133,986.0
278.11127108085344,991.0
278.37973552234104,998.0
278.64819030794985,989.0
278.9166354376539,998.0
279.18507091142715,1026.0
279.45349672924345,997.0
279.7219128910767,1003.0
279.99031939690093,1003.0
280.25871624668997,1001.0
280.5271034404177,1005.0
280.79548097805815,1007.0
281.0638488595852,1014.0
281.33220708497277,1002.0
281.6005556541948,1017.0
281.86889456722514,1041.0
282.13722382403773,985.0
282.4055434246065,1001.0
282.6738533689055,996.0
282.9421536569084,1007.0
283.21044428858926,1000.0
283.47872526392206,1011.0
283.7469965828806,1008.0
284.015258245439,1011.0
284.2835102515709,1019.0
284.5517526012503,1034.0
284.81998529445127,983.0
285.0882083311476,998.0
285.35642171131326,992.0
285.6246254349221,1010.0
285.89281950194817,1011.0
286.1610039123653,1015.0
286.42917866614744,1002.0
286.6973437632684,1002.0
286.9654992037023,1009.0
287.23364498742285,1018.0
287.5017811144041,975.0
287.76990758462,999.0
288.0380243980444,986.0
288.3061315546512,995.0
288.57422905441445,997.0
288.84231689730785,991.0
289.11039508330543,987.0
289.37846361238127,996.0
289.64652248450903,1008.0
289.91457169966276,1025.0
290.1826112578164,976.0
290.4506411589439,1009.0
290.718661403019,996.0
290.98667199001574,1000.0
291.2546729199081,999.0
291.5226641926699,984.0
291.79064580827514,1000.0
292.0586177666976,988.0
292.3265800679113,1008.0
292.5945327118902,1027.0
292.8624756986082,978.0
293.1304090280392,1001.0
293.39833270015714,1006.0
293.6662467149358,997.0
293.93415107234927,1000.0
294.2020457723715,1007.0
294.46993081497624,997.0
294.7378062001375,1009.0
295.00567192782927,1005.0
295.2735279980254,1019.0
295.5413744106997,972.0
295.8092111658262,1005.0
296.07703826337894,1001.0
296.34485570333163,999.0
296.6126634856583,987.0
296.8804616103328,998.0
297.1482500773291,1000.0
297.41602888662123,1005.0
297.68379803818294,1005.0
297.95155753198816,1025.0
298.21930736801085,973.0
298.487047546225,999.0
298.7547780666044,1005.0
299.0224989291231,991.0
299.29021013375495,996.0
299.55791168047386,993.0
299.8256035692538,985.0
300.09328580006866,986.0
300.36095837289236,1003.0
300.6286212876987,1028.0
300.8962745444619,983.0
301.1639181431556,995.0
301.43155208375384,994.0
301.6991763662305,994.0
301.96679099055956,991.0
302.2343959567149,994.0
302.5019912646703,994.0
302.76957691440003,1019.0
303.0371529058777,1020.0
303.3047192390773,1032.0
303.5722759139728,981.0
303.8398229305381,1013.0
304.10736028874715,1003.0
304.37488798857385,1006.0
304.6424060299921,1011.0
304.9099144129758,1010.0
305.1774131374989,1002.0
305.4449022035354,1006.0
305.712381611059,1016.0
305.9798513600438,1036.0
306.2473114504638,979.0
306.5147618822927,1011.0
306.7822026555046,995.0
307.0496337700733,991.0
307.3170552259727,1000.0
307.5844670231768,1007.0
307.8518691616595,999.0
308.1192616413948,1007.0
308.38664446235646,1014.0
308.65401762451853,1035.0
308.9213811278549,981.0
309.1887349723394,996.0
309.45607915794614,993.0
309.7234136846488,991.0
309.9907385524215,992.0
310.25805376123805,1009.0
310.52535931107235,1003.0
310.79265520189847,1001.0
311.0599414336902,1014.0
311.32721800642145,1021.0
311.5944849200662,975.0
311.86174217459836,991.0
312.12898976999185,997.0
312.3962277062206,1001.0
312.66345598325853,1004.0
312.93067460107955,987.0
313.19788355965755,991.0
313.4650828589664,1001.0
313.7322724989802,1007.0
313.99945247967264,1025.0
314.26662280101783,972.0
314.5337834629897,992.0
314.800934465562,996.0
315.0680758087088,1004.0
315.3352074924039,1010.0
315.60232951662135,1017.0
315.869441881335,1001.0
316.13654458651877,999.0
316.4036376321465,1011.0
316.6707210181923,1029.0
316.93779474462997,983.0
317.20485881143344,998.0
317.4719132185766,998.0
317.73895796603347,1001.0
318.00599305377784,1004.0
318.2730184817837,1000.0
318.5400342500249,1007.0
318.8070403584756,1000.0
319.07403680710945,1006.0
319.3410235959005,1040.0
319.6080007248226,989.0
319.8749681938497,1002.0
320.14192600295576,992.0
320.40887415211466,995.0
320.6758126413003,998.0
320.9427414704866,1004.0
321.20966063964755,1005.0
321.47657014875705,1023.0
321.743469997789,1008.0
322.0103601867173,1035.0
322.27724071551586,979.0
322.5441115841586,1004.0
322.81097279261957,1007.0
323.07782434087244,1006.0
323.3446662288914,1011.0
323.6114984566502,1006.0
323.87832102412284,1004.0
324.1451339312832,1006.0
324.4119371781052,1017.0
324.6787307645628,1039.0
324.9455146906298,972.0
325.2122889562803,983.0
325.47905356148806,994.0
325.7458085062271,1007.0
326.0125537904713,1005.0
326.2792894141946,1008.0
326.5460153773709,1006.0
326.8127316799741,1012.0
327.0794383219783,1006.0
327.3461353033571,1018.0
327.6128226240847,989.0
327.8795002841348,1009.0
328.1461682834814,1010.0
328.4128266220986,1005.0
328.6794752999601,1005.0
328.9461143170399,1000.0
329.2127436733119,994.0
329.47936336875,1004.0
329.7459734033282,1016.0
330.01257377702035,1036.0
330.27916448980034,967.0
330.5457455416422,999.0
330.8123169325198,997.0
331.078878662407,999.0
331.3454307312779,991.0
331.6119731391061,1016.0
331.8785058858659,1007.0
332.14502897153085,1005.0
332.41154239607516,1001.0
332.6780461594726,1023.0
332.94454026169717,970.0
333.2110247027227,994.0
333.47749948252317,994.0
333.74396460107255,998.0
334.0104200583446,1010.0
334.2768658543135,997.0
334.54330198895286,1001.0
334.80972846223676,1001.0
335.0761452741392,998.0
335.342552424634,1036.0
335.608949913695,978.0
335.8753377412963,1005.0
336.14171590741176,996.0
336.40808441201517,1009.0
336.67444325508063,1000.0
336.9407924365819,996.0
337.20713195649313,989.0
337.4734618147879,994.0
337.73978201144047,1000.0
338.0060925464246,1022.0
338.27239341971415,986.0
338.5386846312832,1003.0
338.8049661811055,1006.0
339.0712380691551,1008.0
339.3375002954059,995.0
339.60375285983173,991.0
339.86999576240663,996.0
340.13622900310435,1007.0
340.40245258189907,1008.0
340.6686664987645,1040.0
340.93487075367466,990.0
341.20106534660334,1010.0
341.4672502775246,996.0
341.7334255464124,1007.0
341.9995911532405,992.0
342.2657470979829,1001.0
342.53189338061344,1007.0
342.7980300011063,1002.0
343.0641569594351,1020.0
343.3302742555738,1041.0
343.5963818894965,985.0
343.862479861177,998.0
344.12856817058923,997.0
344.3946468177071,999.0
344.6607158025046,1000.0
344.9267751249555,1011.0
345.19282478503396,1000.0
345.4588647827136,1010.0
345.7248951179686,1016.0
345.9909157907727,1045.0
346.25692680109995,984.0
346.5229281489242,1021.0
346.78891983421937,1013.0
347.0549018569594,1006.0
347.3208742171182,999.0
347.5868369146698,995.0
347.8527899495879,1010.0
348.11873332184655,1022.0
348.38466703141967,1011.0
348.6505910782812,1023.0
348.916505462405,989.0
349.182410183765,1006.0
349.44830524233515,1003.0
349.71419063808935,1013.0
349.98006637100156,1001.0
350.2459324410456,1013.0
350.5117888481955,999.0
350.7776355924252,996.0
351.04347267370844,995.0
351.3093000920194,1024.0
351.57511784733174,982.0
351.8409259396196,1010.0
352.1067243688567,1001.0
352.3725131350171,1010.0
352.63829223807465,998.0
352.90406167800336,1014.0
353.16982145477704,1010.0
353.4355715683696,1000.0
353.7013120187552,1009.0
353.9670428059074,1028.0
354.2327639298004,971.0
354.498475390408,999.0
354.7641771877041,997.0
355.0298693216627,999.0
355.29555179225764,996.0
355.5612245994629,997.0
355.82688774325237,1002.0
356.0925412236,1011.0
356.35818504047967,1014.0
356.62381919386536,1021.0
356.8894436837309,976.0
357.1550585100503,1002.0
357.42066367279745,1004.0
357.6862591719462,998.0
357.95184500747064,1000.0
358.2174211793444,1012.0
358.48298768754177,1008.0
358.74854453203636,1010.0
359.0140917128022,1001.0
359.2796292298133,1008.0
359.5451570830435,975.0
359.8106752724667,1001.0
360.0761837980568,1005.0
360.34168265978786,1027.0
360.60717185763355,1002.0
360.8726513915681,1007.0
361.1381212615652,1002.0
361.40358146759877,1006.0
361.66903200964293,1009.0
361.9344728876714,1026.0
362.1999041016582,985.0
362.4653256515772,1000.0
362.7307375374024,999.0
362.99613975910756,1003.0
363.2615323166668,997.0
363.52691521005386,995.0
363.7922884392428,999.0
364.05765200420745,1005.0
364.32300590492173,1007.0
364.58835014135974,1031.0
364.85368471349506,984.0
365.119009621302,989.0
365.3843248647541,1006.0
365.6496304438256,1021.0
365.9149263584902,999.0
366.18021260872194,1003.0
366.4454891944947,997.0
366.7107561157824,1000.0
366.97601337255895,1004.0
367.24126096479824,1019.0
367.5064988924744,976.0
367.77172715556105,1001.0
368.0369457540323,997.0
368.30215468786196,1004.0
368.56735395702407,1002.0
368.83254356149246,1008.0
369.097723501241,999.0
369.36289377624377,1006.0
369.62805438647456,1017.0
369.8932053319074,1033.0
370.1583466125161,974.0
370.42347822827463,997.0
370.6886001791569,1000.0
370.9537124651368,986.0
371.2188150861884,989.0
371.48390804228535,999.0
371.7489913334019,1001.0
372.0140649595116,997.0
372.2791289205887,1002.0
372.5441832166069,1027.0
372.8092278475403,984.0
373.0742628133627,1007.0
373.339288114048,998.0
373.6043037495702,1014.0
373.86930971990313,991.0
374.1343060250209,1001.0
374.3992926648972,1017.0
374.664269639506,1003.0
374.9292369488214,1009.0
375.1941945928171,1027.0
375.45914257146717,989.0
375.7240808847453,997.0
375.98900953262586,1001.0
376.25392851508224,1026.0
376.5188378320887,1014.0
376.78373748361906,1001.0
377.0486274696473,995.0
377.31350779014724,996.0
377.57837844509277,999.0
377.84323943445804,1034.0
378.10809075821663,983.0
378.37293241634285,999.0
378.6377644088103,1002.0
378.90258673559305,1003.0
379.167399396665,994.0
379.4322023920001,995.0
379.69699572157214,997.0
379.9617793853551,997.0
380.22655338332305,1014.0
380.4913177154497,1023.0
380.7560723817092,975.0
381.0208173820751,997.0
381.2855527165217,989.0
381.55027838502275,994.0
381.81499438755225,1001.0
382.0797007240839,1003.0
382.34439739459185,1012.0
382.60908439905006,1013.0
382.8737617374322,1014.0
383.1384294097124,1028.0
383.4030874158645,982.0
383.66773575586234,1017.0
383.93237442968007,1014.0
384.1970034372913,1016.0
384.46162277867035,994.0
384.7262324537907,1001.0
384.99083246262666,994.0
385.2554228051518,1000.0
385.5200034813403,1019.0
385.78457449116604,1028.0
386.0491358346028,977.0
386.31368751162466,989.0
386.5782295222054,996.0
386.8427618663191,998.0
387.1072845439395,996.0
387.37179755504076,991.0
387.63630089959645,994.0
387.9007945775808,1005.0
388.1652785889676,1014.0
388.4297529337308,1036.0
388.69421761184435,987.0
388.95867262328204,996.0
389.223117968018,997.0
389.48755364602596,1007.0
389.7519796572799,992.0
390.0163960017538,991.0
390.28080267942147,989.0
390.545199690257,992.0
390.809587034234,1013.0
391.0739647113268,1021.0
391.33833272150906,974.0
391.60269106475477,990.0
391.86703974103773,990.0
392.13137875033203,995.0
392.3957080926116,996.0
392.6600277678502,1003.0
392.92433777602184,994.0
393.18863811710037,1005.0
393.4529287910599,1016.0
393.7172097978741,1033.0
393.98148113751716,977.0
394.24574280996274,997.0
394.50999481518494,991.0
394.77423715315757,1004.0
395.0384698238546,992.0
395.30269282725,998.0
395.5669061633175,996.0
395.8311098320313,1001.0
396.09530383336505,1001.0
396.35948816729285,1014.0
396.6236628337886,986.0
396.8878278328262,1003.0
397.1519831643795,991.0
397.4161288284224,995.0
397.6802648249291,990.0
397.94439115387314,1001.0
398.2085078152287,1000.0
398.4726148089696,1002.0
398.7367121350698,999.0
399.0007997935031,1032.0
399.2648777842436,980.0
399.52894610726514,1005.0
399.7930047625416,999.0
400.05705375004703,1003.0
400.3210930697551,1000.0
400.58512272164006,991.0
400.8491427056755,1000.0
401.11315302183556,1006.0
401.3771536700941,1029.0
401.6411446504251,1037.0
401.9051259628023,984.0
402.1690976071997,997.0
402.43305958359144,1003.0
402.69701189195115,995.0
402.96095453225286,1012.0
403.22488750447053,1009.0
403.48881080857797,1008.0
403.75272444454924,1007.0
404.0166284123581,1009.0
404.2805227119787,1027.0
404.54440734338465,989.0
404.80828230655015,999.0
405.072147601449,991.0
405.336003228055,1005.0
405.59984918634234,1002.0
405.8636854762848,1000.0
406.12751209785625,987.0
406.3913290510306,987.0
406.655136335782,993.0
406.91893395208405,1014.0
407.18272189991086,973.0
407.4465001792363,978.0
407.7102687900344,995.0
407.97402773227884,993.0
408.23777700594377,992.0
408.50151661100296,1008.0
408.76524654743037,1005.0
409.0289668152,1008.0
409.29267741428566,1018.0
409.55637834466137,1038.0
409.820069606301,984.0
410.08375119917844,996.0
410.3474231232677,1001.0
410.61108537854255,1015.0
410.8747379649771,1011.0
411.13838088254505,1011.0
411.40201413122054,1008.0
411.66563771097736,1001.0
411.92925162178943,1008.0
412.19285586363077,1037.0
412.4564504364752,982.0
412.72003534029665,1015.0
412.98361057506906,1012.0
413.24717614076644,1006.0
413.51073203736246,994.0
413.77427826483125,1014.0
414.03781482314673,1013.0
414.3013417122828,1006.0
414.5648589322133,1011.0
414.82836648291226,1043.0
415.0918643643535,996.0
415.35535257651094,999.0
415.6188311193587,998.0
415.8822999928703,1011.0
416.14575919702,1012.0
416.40920873178175,1005.0
416.67264859712924,998.0
416.9360787930365,1006.0
417.19949931947735,1015.0
417.46291017642596,1028.0
417.726311363856,991.0
417.9897028817416,1003.0
418.2530847300564,1002.0
418.5164569087745,1004.0
418.77981941786993,1009.0
419.0431722573164,999.0
419.3065154270879,988.0
419.5698489271584,989.0
419.8331727575018,1013.0
420.09648691809195,1032.0
420.3597914089029,990.0
420.62308622990844,1007.0
420.88637138108254,1005.0
421.14964686239915,995.0
421.4129126738321,1010.0
421.6761688153555,1009.0
421.939415286943,989.0
422.2026520885688,1010.0
422.46587922020655,1011.0
422.7290966818304,1048.0
422.99230447341415,989.0
423.2555025949317,994.0
423.5186910463571,1006.0
423.78186982766414,1013.0
424.04503893882685,1007.0
424.308198379819,991.0
424.57134815061465,992.0
424.8344882511876,1003.0
425.09761868151185,1008.0
425.3607394415614,1027.0
425.62385053131,980.0
425.88695195073166,1017.0
426.1500436998002,1006.0
426.4131257784898,1001.0
426.67619818677406,1010.0
426.9392609246271,1002.0
427.20231399202277,992.0
427.46535738893505,999.0
427.7283911153378,1009.0
427.99141517120495,1034.0
428.25442955651044,983.0
428.5174342712281,998.0
428.78042931533207,993.0
429.043414688796,1016.0
429.306390391594,1003.0
429.5693564236999,999.0
429.83231278508765,1008.0
430.0952594757312,1003.0
430.3581964956044,1020.0
430.6211238446813,1027.0
430.8840415229356,973.0
431.14694953034143,1001.0
431.40984786687255,1000.0
431.672736532503,1000.0
431.9356155272067,992.0
432.19848485095747,999.0
432.4613445037294,1007.0
432.7241944854961,1019.0
432.9870347962319,1009.0
433.24986543591035,1029.0
433.5126864045056,983.0
433.7754977019915,996.0
434.03829932834196,998.0
434.3010912835309,997.0
434.56387356753226,1001.0
434.82664618032004,1015.0
435.08940912186785,1002.0
435.35216239215003,998.0
435.6149059911402,1006.0
435.8776399188124,1034.0
436.1403641751406,995.0
436.40307876009854,994.0
436.6657836736603,983.0
436.9284789157997,1000.0
437.19116448649083,1001.0
437.45384038570734,1013.0
437.71650661342346,1002.0
437.97916316961283,990.0
438.2418100542496,1003.0
438.5044472673075,1023.0
438.7670748087606,980.0
439.02969267858265,1006.0
439.2923008767477,1006.0
439.5548994032297,988.0
439.8174882580024,1009.0
440.08006744103994,1006.0
440.34263695231607,991.0
440.6051967918048,998.0
440.86774695948003,1004.0
441.1302874553157,1029.0
441.3928182792857,993.0
441.6553394313638,998.0
441.9178509115243,985.0
442.1803527197407,1011.0
442.44284485598723,1011.0
442.70532732023764,1006.0
442.9678001124659,990.0
443.23026323264594,1008.0
443.4927166807517,1016.0
443.75516045675704,1023.0
444.0175945606359,980.0
444.28001899236233,1002.0
444.54243375191004,991.0
444.804838839253,1001.0
445.06723425436525,994.0
445.3296199972206,1009.0
445.59199606779305,1000.0
445.8543624660564,1002.0
446.11671919198477,1010.0
446.37906624555177,1029.0
446.64140362673163,980.0
446.9037313354981,991.0
447.16604937182507,996.0
447.42835773568675,998.0
447.69065642705664,982.0
447.952945445909,1009.0
448.2152247922175,986.0
448.4774944659563,999.0
448.73975446709903,1020.0
449.00200479562,1025.0
449.2642454514927,987.0
449.5264764346913,998.0
449.7886977451897,989.0
450.0509093829618,996.0
450.3131113479816,995.0
450.57530364022284,1011.0
450.8374862596596,1008.0
451.0996592062656,1011.0
451.36182248001506,1008.0
451.6239760808816,1031.0
451.88612000883927,989.0
452.1482542638621,1005.0
452.41037884592384,983.0
452.6724937549986,1011.0
452.93459899106,997.0
453.1966945540823,1000.0
453.4587804440391,1008.0
453.72085666090453,1007.0
453.98292320465254,1019.0
454.2449800752568,1040.0
454.5070272726916,989.0
454.7690647969305,993.0
455.03109264794773,997.0
455.2931108257169,995.0
455.5551193302122,996.0
455.81711816140734,1010.0
456.0791073192763,1011.0
456.3410868037932,1018.0
456.6030566149317,1020.0
456.8650167526659,1027.0
457.1269672169695,971.0
457.3889080078167,997.0
457.6508391251812,990.0
457.91276056903706,1008.0
458.17467233935804,1004.0
458.4365744361182,1008.0
458.6984668592915,1001.0
458.96034960885163,1001.0
459.2222226847728,1009.0
459.4840860870287,1031.0
459.74593981559343,990.0
460.0077838704407,1005.0
460.26961825154456,1000.0
460.531442958879,1000.0
460.7932579924178,1002.0
461.05506335213505,1002.0
461.3168590380044,998.0
461.57864505000003,996.0
461.8404213880957,1012.0
462.1021880522655,1019.0
462.36394504248307,967.0
462.6256923587226,987.0
462.8874300009579,1002.0
463.1491579691629,1000.0
463.4108762633116,999.0
463.6725848833777,1008.0
463.9342838293354,1005.0
464.19597310115836,1001.0
464.4576526988207,1005.0
464.7193226222962,1029.0
464.9809828715588,983.0
465.2426334465826,1003.0
465.5042743473413,985.0
465.76590557380894,998.0
466.02752712595935,997.0
466.2891390037666,987.0
466.5507412072044,997.0
466.8123337362468,1010.0
467.0739165908677,1005.0
467.33548977104107,1029.0
467.5970532767408,973.0
467.8586071079407,997.0
468.1201512646149,1006.0
468.3816857467371,1001.0
468.6432105542814,992.0
468.90472568722157,999.0
469.1662311455315,991.0
469.4277269291855,1000.0
469.689213038157,1012.0
469.9506894724202,1033.0
470.2121562319489,980.0
470.4736133167171,1010.0
470.73506072669863,1010.0
470.9964984618676,1002.0
471.2579265221976,998.0
471.5193449076628,1012.0
471.78075361823716,1004.0
472.0421526538944,999.0
472.30354201460864,1007.0
472.5649217003536,1031.0
472.8262917111034,984.0
473.08765204683175,1007.0
473.34900270751274,1006.0
473.6103436931203,1001.0
473.8716750036281,1000.0
474.1329966390105,999.0
474.394308599241,1002.0
474.6556108842938,1011.0
474.91690349414256,1020.0
475.1781864287615,1021.0
475.43945968812426,977.0
475.70072327220487,998.0
475.9619771809774,998.0
476.2232214144155,1001.0
476.4844559724933,995.0
476.7456808551846,1005.0
477.00689606246345,1004.0
477.2681015943036,1000.0
477.5292974506791,1003.0
477.7904836315638,1030.0
478.0516601369316,986.0
478.3128269667566,1010.0
478.5739841210125,994.0
478.83513159967333,1002.0
479.09626940271295,1002.0
479.3573975301054,991.0
479.6185159818244,1006.0
479.879624757844,1002.0
480.1407238581382,1008.0
480.4018132826808,1014.0
480.6628930314457,988.0
480.9239631044069,1002.0
481.1850235015383,1017.0
481.44607422281376,1002.0
481.70711526820736,985.0
481.96814663769277,993.0
482.229168331244,999.0
482.4901803488352,1010.0
482.75118269044,1015.0
483.01217535603257,1014.0
483.2731583455865,971.0
483.534131659076,997.0
483.79509529647487,996.0
484.056049257757,999.0
484.3169935428964,989.0
484.5779281518669,1000.0
484.83885308464255,995.0
485.09976834119715,1001.0
485.3606739215047,1010.0
485.621569825539,1018.0
485.88245605327415,975.0
486.1433326046839,1010.0
486.40419947974215,1003.0
486.6650566784231,1002.0
486.92590420070036,1001.0
487.18674204654803,991.0
487.4475702159399,984.0
487.70838870885,995.0
487.96919752525224,1008.0
488.2299966651205,1019.0
488.4907861284287,968.0
488.75156591515065,1000.0
489.0123360252606,998.0
489.2730964587321,1001.0
489.5338472155393,990.0
489.794588295656,995.0
490.05531969905627,1001.0
490.3160414257139,1012.0
490.57675347560286,1009.0
490.83745584869695,1012.0
491.0981485449702,962.0
491.3588315643966,996.0
491.6195049069499,1001.0
491.88016857260425,994.0
492.1408225613333,1004.0
492.4014668731112,1012.0
492.6621015079117,996.0
492.92272646570876,993.0
493.18334174647646,1007.0
493.44394735018847,1031.0
493.7045432768189,983.0
493.9651295263416,1001.0
494.2257060987305,991.0
494.48627299395946,1012.0
494.7468302120026,997.0
495.00737775283346,994.0
495.2679156164263,1007.0
495.528443802755,1002.0
495.7889623117933,1010.0
496.0494711435153,1036.0
496.30997029789484,981.0
496.57045977490594,997.0
496.8309395745223,993.0
497.0914096967181,1009.0
497.3518701414669,1004.0
497.612320908743,991.0
497.8727619985203,1004.0
498.1331934107724,994.0
498.3936151454735,1009.0
498.65402720259743,1021.0
498.91442958211815,971.0
499.17482228400945,995.0
499.4352053082453,1002.0
499.6955786547999,1007.0
499.9559423236467,996.0
500.2162963147601,1003.0
500.47664062811356,1004.0
500.7369752636813,999.0
500.9973002214371,995.0
501.257615501355,1027.0
501.5179211034088,963.0
501.77821702757245,985.0
502.03850327381997,994.0
502.29877984212516,1009.0
502.5590467324621,993.0
502.81930394480446,1007.0
503.0795514791264,991.0
503.3397893354016,1006.0
503.60001751360426,1002.0
503.860236013708,1027.0
504.12044483568695,973.0
504.3806439795151,994.0
504.6408334451661,994.0
504.90101323261416,1007.0
505.16118334183295,1010.0
505.42134377279655,996.0
505.68149452547874,984.0
505.9416355998535,998.0
506.20176699589496,1012.0
506.4618887135767,1035.0
506.7220007528729,988.0
506.98210311375726,990.0
507.242195796204,995.0
507.5022788001867,1012.0
507.7623521256795,1003.0
508.0224157726562,1012.0
508.2824697410907,1004.0
508.5425140309572,996.0
508.80254864222934,1008.0
509.0625735748812,1031.0
509.3225888288864,965.0
509.5825944042193,994.0
509.8425903008535,990.0
510.10257651876304,1005.0
510.3625530579218,1005.0
510.6225199183036,1001.0
510.8824770998827,1008.0
511.1424246026326,1013.0
511.4023624265276,1018.0
511.6622905715413,1031.0
511.9222090376479,984.0
512.182117824821,1009.0
512.4420169330348,1006.0
512.7019063622631,995.0
512.9617861124799,998.0
513.2216561836591,993.0
513.4815165757743,1014.0
513.7413672888,1008.0
514.0012083227098,1022.0
514.2610396774775,1029.0
514.5208613530772,982.0
514.7806733494828,1001.0
515.0404756666682,995.0
515.3002683046072,1000.0
515.5600512632741,1003.0
515.8198245426423,990.0
516.0795881426862,996.0
516.3393420633794,989.0
516.5990863046959,1005.0
516.8588208666097,1028.0
517.1185457490944,983.0
517.3782609521246,1001.0
517.6379664756736,1001.0
517.8976623197156,1005.0
518.1573484842243,989.0
518.4170249691738,1004.0
518.676691774538,1004.0
518.9363489002908,1010.0
519.1959963464061,1010.0
519.4556341128579,1016.0
519.7152621996202,975.0
519.9748806066664,998.0
520.2344893339712,992.0
520.4940883815078,998.0
520.7536777492506,996.0
521.0132574371734,994.0
521.27282744525,1000.0
521.5323877734545,1008.0
521.7919384217606,1016.0
522.0514793901424,1026.0
522.3110106785737,981.0
522.5705322870288,995.0
522.8300442154809,997.0
523.0895464639045,1004.0
523.3490390322734,999.0
523.6085219205612,998.0
523.8679951287423,999.0
524.1274586567904,1003.0
524.3869125046795,1014.0
524.6463566723833,1016.0
524.9057911598759,970.0
525.1652159671312,994.0
525.424631094123,1010.0
525.6840365408256,1004.0
525.9434323072122,1001.0
526.2028183932575,996.0
526.462194798935,999.0
526.7215615242187,1012.0
526.9809185690825,1020.0
527.2402659335005,1031.0
527.4996036174464,974.0
527.758931620894,992.0
528.0182499438176,994.0
528.2775585861909,1008.0
528.5368575479879,996.0
528.7961468291822,1014.0
529.0554264297483,1004.0
529.3146963496596,1011.0
529.5739565888904,1013.0
529.8332071474143,1026.0
530.0924480252053,974.0
530.3516792222375,1004.0
530.6109007384848,1002.0
530.8701125739209,997.0
531.1293147285198,993.0
531.3885072022557,1004.0
531.647689995102,1003.0
531.906863107033,1005.0
532.1660265380227,1002.0
532.4251802880447,1029.0
532.684324357073,983.0
532.9434587450817,1000.0
533.2025834520446,1006.0
533.4616984779356,1006.0
533.7208038227286,1011.0
533.9798994863976,1013.0
534.2389854689164,997.0
534.4980617702593,987.0
534.7571283903995,1006.0
535.0161853293118,1021.0
535.2752325869694,967.0
535.5342701633466,1001.0
535.7932980584171,1007.0
536.0523162721549,1003.0
536.3113248045341,988.0
536.5703236555283,996.0
536.8293128251117,994.0
537.0882923132581,1012.0
537.3472621199415,1016.0
537.6062222451357,1033.0
537.8651726888147,964.0
538.1241134509522,996.0
538.3830445315224,1005.0
538.6419659304993,1008.0
538.9008776478564,1007.0
539.1597796835681,994.0
539.4186720376078,1009.0
539.6775547099501,1004.0
539.9364277005683,1016.0
540.1952910094366,1020.0
540.4541446365288,984.0
540.7129885818188,988.0
540.9718228452808,994.0
541.2306474268884,1004.0
541.4894623266158,994.0
541.7482675444367,998.0
542.0070630803251,1010.0
542.2658489342549,997.0
542.5246251062,1009.0
542.7833915961344,1030.0
543.0421484040319,968.0
543.3008955298666,1006.0
543.5596329736122,1004.0
543.8183607352429,997.0
544.0770788147322,1005.0
544.3357872120545,1003.0
544.5944859271833,1004.0
544.8531749600928,995.0
545.1118543107568,1015.0
545.3705239791493,1037.0
545.6291839652442,987.0
545.8878342690153,988.0
546.1464748904368,991.0
546.4051058294822,1005.0
546.6637270861258,989.0
546.9223386603413,1003.0
547.1809405521027,996.0
547.439532761384,1000.0
547.6981152881589,1004.0
547.9566881324016,1025.0
548.2152512940858,972.0
548.4738047731855,990.0
548.7323485696745,1003.0
548.990882683527,1001.0
549.2494071147166,990.0
549.5079218632175,1006.0
549.7664269290035,1006.0
550.0249223120484,996.0
550.2834080123264,998.0
550.5418840298111,1040.0
550.8003503644767,991.0
551.0588070162968,1012.0
551.3172539852457,1002.0
551.575691271297,994.0
551.8341188744248,995.0
552.0925367946031,1013.0
552.3509450318055,995.0
552.6093435860063,989.0
552.8677324571792,1017.0
553.1261116452981,1028.0
553.3844811503369,989.0
553.6428409722696,1019.0
553.9011911110703,1010.0
554.1595315667125,1000.0
554.4178623391706,1001.0
554.6761834284181,1014.0
554.9344948344292,1000.0
555.1927965571775,997.0
555.4510885966374,1019.0
555.7093709527825,1037.0
555.9676436255867,991.0
556.2259066150241,1001.0
556.4841599210683,996.0
556.7424035436937,990.0
557.0006374828738,990.0
557.2588617385828,1005.0
557.5170763107943,1010.0
557.7752811994826,1005.0
558.0334764046214,1003.0
558.2916619261845,1029.0
558.5498377641462,981.0
558.80800391848,989.0
559.0661603891602,992.0
559.3243071761603,1007.0
559.5824442794548,1018.0
559.840571699017,1010.0
560.0986894348212,1004.0
560.3567974868413,1005.0
560.6148958550509,1011.0
560.8729845394244,1042.0
561.1310635399352,981.0
561.3891328565578,1001.0
561.6471924892656,991.0
561.905242438033,989.0
562.1632827028335,993.0
562.4213132836411,997.0
562.6793341804299,996.0
562.9373453931737,999.0
563.1953469218464,1009.0
563.453338766422,1038.0
563.7113209268744,978.0
563.9692934031774,1009.0
564.227256195305,1005.0
564.4852093032314,999.0
564.7431527269299,994.0
565.001086466375,1010.0
565.2590105215404,1006.0
565.5169248924001,996.0
565.7748295789277,1005.0
566.0327245810976,1028.0
566.2906098988833,985.0
566.548485532259,1000.0
566.8063514811985,1003.0
567.0642077456757,1001.0
567.3220543256646,1000.0
567.5798912211391,1014.0
567.837718432073,991.0
568.0955359584403,994.0
568.3533438002152,1014.0
568.611141957371,1046.0
568.8689304298823,981.0
569.1267092177226,997.0
569.3844783208658,1001.0
569.6422377392861,998.0
569.8999874729572,1002.0
570.1577275218531,993.0
570.4154578859476,1006.0
570.6731785652148,995.0
570.9308895596286,1001.0
571.1885908691628,1042.0
571.4462824937914,982.0
571.7039644334882,1002.0
571.9616366882275,992.0
572.2192992579826,996.0
572.476952142728,997.0
572.7345953424373,1007.0
572.9922288570845,1012.0
573.2498526866435,1013.0
573.5074668310882,1021.0
573.7650712903927,1020.0
574.0226660645308,988.0
574.2802511534762,991.0
574.5378265572032,989.0
574.7953922756855,1011.0
575.052948308897,1014.0
575.3104946568117,1007.0
575.5680313194036,993.0
575.8255582966464,998.0
576.0830755885142,1001.0
576.3405831949808,1028.0
576.5980811160204,977.0
576.8555693516065,1001.0
577.1130479017132,1001.0
577.3705167663146,991.0
577.6279759453844,995.0
577.8854254388966,1013.0
578.142865246825,1012.0
578.4002953691438,1004.0
578.6577158058266,1014.0
578.9151265568477,1031.0
579.1725276221805,970.0
579.4299190017991,990.0
579.6873006956779,988.0
579.9446727037903,993.0
580.2020350261104,991.0
580.4593876626119,1000.0
580.7167306132691,995.0
580.9740638780556,994.0
581.2313874569455,1004.0
581.4887013499127,1034.0
581.746005556931,965.0
582.0033000779746,999.0
582.2605849130169,1005.0
582.5178600620325,1007.0
582.7751255249948,1003.0
583.0323813018779,999.0
583.2896273926557,990.0
583.546863797302,1021.0
583.804090515791,999.0
584.0613075480965,1019.0
584.3185148941924,980.0
584.5757125540524,1005.0
584.8329005276508,1004.0
585.0900788149613,1001.0
585.347247415958,1003.0
585.6044063306146,1014.0
585.8615555589049,1005.0
586.1186951008033,991.0
586.3758249562833,1011.0
586.632945125319,1043.0
586.8900556078843,989.0
587.1471564039532,995.0
587.4042475134993,1003.0
587.661328936497,995.0
587.9184006729198,1001.0
588.1754627227418,1000.0
588.432515085937,999.0
588.6895577624791,994.0
588.9465907523424,994.0
589.2036140555003,1017.0
589.4606276719271,972.0
589.7176316015966,998.0
589.9746258444826,989.0
590.2316104005595,990.0
590.4885852698005,1002.0
590.7455504521802,1004.0
591.0025059476719,998.0
591.25945175625,992.0
591.5163878778883,1014.0
591.7733143125605,1032.0
592.0302310602409,977.0
592.287138120903,988.0
592.5440354945212,998.0
592.8009231810688,1007.0
593.0578011805203,992.0
593.3146694928492,1003.0
593.5715281180298,1007.0
593.8283770560358,1008.0
594.0852163068412,1024.0
594.3420458704198,1043.0
594.5988657467456,984.0
594.8556759357925,1002.0
595.1124764375345,1012.0
595.3692672519454,1015.0
595.626048378999,1000.0
595.8828198186698,1004.0
596.1395815709309,1005.0
596.3963336357567,1015.0
596.6530760131212,1012.0
596.9098087029981,1028.0
597.1665317053615,968.0
597.423245020185,989.0
597.6799486474431,1001.0
597.9366425871091,1006.0
598.1933268391572,1005.0
598.4500014035611,1002.0
598.7066662802952,999.0
598.963321469333,993.0
599.2199669706486,1003.0
599.4766027842159,1040.0
599.7332289100086,990.0
599.989845348001,1000.0
600.2464520981667,998.0
600.50304916048,998.0
600.7596365349144,999.0
601.016214221444,1004.0
601.2727822200426,994.0
601.5293405306844,1004.0
601.7858891533431,1001.0
602.0424280879928,1043.0
602.2989573346072,990.0
602.5554768931602,994.0
602.8119867636259,992.0
603.0684869459783,999.0
603.324977440191,1003.0
603.5814582462382,996.0
603.8379293640936,1001.0
604.0943907937313,996.0
604.3508425351251,1008.0
604.6072845882491,1028.0
604.8637169530771,981.0
605.1201396295828,994.0
605.3765526177406,991.0
605.6329559175239,988.0
605.8893495289071,998.0
606.1457334518637,1003.0
606.402107686368,1010.0
606.6584722323936,1009.0
606.9148270899146,1008.0
607.1711722589049,1016.0
607.4275077393385,963.0
607.6838335311891,992.0
607.9401496344307,1005.0
608.1964560490374,1003.0
608.4527527749826,994.0
608.709039812241,1000.0
608.965317160786,986.0
609.2215848205915,995.0
609.4778427916317,1012.0
609.7340910738803,1025.0
609.9903296673115,979.0
610.2465585718988,1001.0
610.5027777876164,1016.0
610.7589873144382,993.0
611.0151871523381,997.0
611.2713773012898,1001.0
611.5275577612676,993.0
611.7837285322452,994.0
612.0398896141965,1008.0
612.2960410070956,1021.0
612.5521827109162,974.0
612.8083147256325,1012.0
613.064437051218,998.0
613.3205496876468,1003.0
613.5766526348931,997.0
613.8327458929305,999.0
614.0888294617331,999.0
614.3449033412746,990.0
614.6009675315292,1001.0
614.8570220324707,1029.0
615.1130668440729,989.0
615.3691019663097,997.0
615.6251273991553,996.0
615.8811431425835,1012.0
616.137149196568,994.0
616.3931455610831,1001.0
616.6491322361024,988.0
616.9051092216001,1002.0
617.1610765175498,1006.0
617.4170341239256,1021.0
617.6729820407014,969.0
617.9289202678511,1001.0
618.1848488053488,1007.0
618.440767653168,1018.0
618.696676811283,1004.0
618.9525762796677,1000.0
619.2084660582959,997.0
619.4643461471414,1002.0
619.7202165461782,1013.0
619.9760772553806,1018.0
620.2319282747219,978.0
620.4877696041765,996.0
620.7436012437181,997.0
620.9994231933207,1010.0
621.255235452958,1009.0
621.5110380226043,1005.0
621.7668309022332,1000.0
622.0226140918188,995.0
622.278387591335,1010.0
622.5341514007556,1016.0
622.7899055200547,973.0
623.045649949206,1003.0
623.3013846881836,992.0
623.5571097369614,991.0
623.8128250955133,1005.0
624.0685307638131,1002.0
624.3242267418348,1002.0
624.5799130295525,1005.0
624.8355896269397,1010.0
625.091256533971,1029.0
625.3469137506196,986.0
625.6025612768598,1001.0
625.8581991126655,1002.0
626.1138272580104,994.0
626.3694457128687,993.0
626.6250544772142,1005.0
626.8806535510208,992.0
627.1362429342624,1005.0
627.3918226269132,1008.0
627.6473926289466,1034.0
627.902952940337,963.0
628.1585035610578,994.0
628.4140444910835,994.0
628.6695757303878,1007.0
628.9250972789445,1004.0
629.1806091367276,1008.0
629.4361113037111,1005.0
629.6916037798688,998.0
629.9470865651747,994.0
630.2025596596026,1027.0
630.4580230631265,979.0
630.7134767757203,996.0
630.9689207973582,994.0
631.2243551280136,999.0
631.4797797676608,996.0
631.7351947162736,1009.0
631.990599973826,1004.0
632.2459955402916,1005.0
632.5013814156447,1009.0
632.7567575998592,1036.0
633.0121240929087,977.0
633.2674808947676,1000.0
633.5228280054093,1001.0
633.778165424808,1000.0
634.0334931529377,996.0
634.2888111897721,1013.0
634.5441195352853,999.0
634.799418189451,994.0
635.0547071522435,1006.0
635.3099864236362,1021.0
635.5652560036036,987.0
635.8205158921191,997.0
636.0757660891571,991.0
636.3310065946911,1002.0
636.5862374086953,1004.0
636.8414585311433,1003.0
637.0966699620094,993.0
637.3518717012673,1000.0
637.6070637488909,1009.0
637.8622461048542,1027.0
638.1174187691312,996.0
638.3725817416956,1014.0
638.6277350225216,1011.0
638.8828786115829,1005.0
639.1380125088535,1009.0
639.3931367143072,1005.0
639.6482512279183,993.0
639.9033560496601,997.0
640.1584511795071,1011.0
640.4135366174329,1033.0
640.6686123634116,969.0
640.923678417417,988.0
641.1787347794229,1009.0
641.4337814494036,1013.0
641.6888184273325,997.0
641.9438457131841,1007.0
642.1988633069319,1002.0
642.45387120855,996.0
642.7088694180123,996.0
642.9638579352927,1014.0
643.218836760365,974.0
643.4738058932032,997.0
643.7287653337813,988.0
643.9837150820732,1009.0
644.2386551380529,1010.0
644.4935855016939,1019.0
644.7485061729708,1006.0
645.0034171518569,1007.0
645.2583184383263,1005.0
645.5132100323532,1034.0
645.7680919339113,992.0
646.0229641429745,995.0
646.2778266595167,1008.0
646.532679483512,999.0
646.787522614934,1005.0
647.0423560537569,1005.0
647.2971797999546,988.0
647.5519938535008,1002.0
647.8067982143697,998.0
648.061592882535,1015.0
648.3163778579708,990.0
648.5711531406508,1006.0
648.8259187305492,997.0
649.0806746276397,996.0
649.3354208318964,993.0
649.5901573432931,999.0
649.8448841618035,997.0
650.0996012874019,1004.0
650.3543087200621,1001.0
650.6090064597581,1021.0
650.8636945064635,974.0
651.1183728601526,1004.0
651.373041520799,1002.0
651.6277004883768,1005.0
651.8823497628601,1002.0
652.1369893442223,997.0
652.391619232438,998.0
652.6462394274804,1006.0
652.900849929324,1014.0
653.1554507379424,1026.0
653.4100418533096,975.0
653.6646232753995,1006.0
653.9191950041861,1003.0
654.1737570396434,1005.0
654.428309381745,1008.0
654.6828520304651,1010.0
654.9373849857776,987.0
655.1919082476563,1002.0
655.4464218160751,1020.0
655.7009256910083,1019.0
655.9554198724292,984.0
656.209904360312,993.0
656.4643791546308,992.0
656.7188442553593,1005.0
656.9732996624715,1000.0
657.2277453759414,1004.0
657.4821813957428,998.0
657.7366077218496,1000.0
657.9910243542358,1009.0
658.2454312928753,1030.0
658.499828537742,973.0
658.7542160888099,1001.0
659.0085939460529,997.0
659.2629621094449,1006.0
659.5173205789596,1004.0
659.7716693545713,1011.0
660.0260084362535,1001.0
660.2803378239805,1006.0
660.5346575177261,1006.0
660.7889675174642,1021.0
661.0432678231688,982.0
661.2975584348135,996.0
661.5518393523727,999.0
661.80611057582,1001.0
662.0603721051293,1008.0
662.3146239402747,997.0
662.56886608123,990.0
662.8230985279693,1000.0
663.0773212804662,998.0
663.3315343386948,1017.0
663.5857377026291,977.0
663.839931372243,998.0
664.0941153475102,1003.0
664.3482896284048,1004.0
664.6024542149008,1003.0
664.856609106972,1006.0
665.1107543045924,992.0
665.3648898077357,992.0
665.619015616376,1010.0
665.8731317304873,1036.0
666.1272381500434,975.0
666.3813348750182,998.0
666.6354219053856,1002.0
666.8894992411197,987.0
667.1435668821941,1001.0
667.3976248285833,1005.0
667.6516730802605,997.0
667.9057116372002,1008.0
668.1597404993757,1014.0
668.4137596667617,1030.0
668.6677691393315,991.0
668.9217689170592,1012.0
669.175758999919,1002.0
669.4297393878844,1003.0
669.6837100809296,998.0
669.9376710790283,1009.0
670.1916223821547,998.0
670.4455639902824,986.0
670.6994959033856,1005.0
670.9534181214381,1018.0
671.2073306444137,981.0
671.4612334722864,984.0
671.7151266050303,994.0
671.9690100426193,1011.0
672.222883785027,1011.0
672.4767478322276,1007.0
672.7306021841948,993.0
672.9844468409028,989.0
673.2382818023254,1001.0
673.4921070684363,1032.0
673.74592263921,975.0
673.9997285146198,1003.0
674.2535246946399,1003.0
674.5073111792441,1011.0
674.7610879684066,999.0
675.014855062101,1011.0
675.2686124603013,1006.0
675.5223601629815,1005.0
675.7760981701155,1007.0
676.0298264816772,1022.0
676.2835450976405,982.0
676.5372540179794,998.0
676.7909532426677,999.0
677.0446427716794,1000.0
677.2983226049884,996.0
677.5519927425686,996.0
677.805653184394,988.0
678.0593039304384,999.0
678.3129449806759,1015.0
678.5665763350802,1029.0
678.8201979936254,985.0
679.0738099562853,1006.0
679.3274122230338,1002.0
679.581004793845,1010.0
679.8345876686926,990.0
680.0881608475506,998.0
680.3417243303932,1006.0
680.5952781171939,995.0
680.8488222079267,1004.0
681.1023566025657,1024.0
681.3558813010847,990.0
681.6093963034575,1014.0
681.8629016096585,1004.0
682.1163972196609,1000.0
682.3698831334393,1006.0
682.6233593509672,1015.0
682.8768258722187,1006.0
683.1302826971677,991.0
683.3837298257879,1024.0
683.6371672580536,1041.0
683.8905949939384,982.0
684.1440130334165,1002.0
684.3974213764615,994.0
684.6508200230477,997.0
684.9042089731486,998.0
685.1575882267384,999.0
685.4109577837909,988.0
685.66431764428,999.0
685.9176678081799,1007.0
686.1710082754641,1036.0
686.4243390461069,981.0
686.6776601200819,1002.0
686.9309714973633,1006.0
687.1842731779249,993.0
687.4375651617405,995.0
687.6908474487841,994.0
687.9441200390297,998.0
688.1973829324512,1009.0
688.4506361290225,1014.0
688.7038796287175,1026.0
688.95711343151,976.0
689.2103375373744,1004.0
689.4635519462838,989.0
689.7167566582128,1010.0
689.9699516731353,998.0
690.2231369910248,1003.0
690.4763126118554,999.0
690.7294785356011,1009.0
690.982634762236,1019.0
691.2357812917336,1013.0
691.488918124068,972.0
691.7420452592133,991.0
691.9951626971433,995.0
692.2482704378318,1004.0
692.5013684812528,1006.0
692.7544568273802,988.0
693.007535476188,1005.0
693.2606044276502,999.0
693.5136636817404,1006.0
693.7667132384327,1018.0
694.019753097701,971.0
694.2727832595195,1006.0
694.5258037238616,1000.0
694.7788144907016,1002.0
695.0318155600133,1003.0
695.2848069317706,1005.0
695.5377886059475,1002.0
695.7907605825179,1004.0
696.0437228614558,1003.0
696.2966754427347,1018.0
696.5496183263291,981.0
696.8025515122124,1006.0
697.0554750003589,1004.0
697.3083887907425,989.0
697.5612928833368,996.0
697.8141872781162,996.0
698.0670719750542,997.0
698.319946974125,1014.0
698.5728122753021,1015.0
698.8256678785599,1030.0
699.0785137838722,975.0
699.3313499912126,1005.0
699.5841765005556,1002.0
699.8369933118745,1006.0
700.0898004251438,1006.0
700.3425978403369,1010.0
700.5953855574281,996.0
700.848163576391,997.0
701.1009318971999,998.0
701.3536905198283,1010.0
701.6064394442504,976.0
701.8591786704402,986.0
702.1119081983712,990.0
702.3646280280179,991.0
702.6173381593538,1005.0
702.8700385923529,1009.0
703.1227293269891,1003.0
703.3754103632364,1009.0
703.6280817010688,1002.0
703.88074334046,1027.0
704.1333952813842,973.0
704.3860375238149,993.0
704.6386700677265,996.0
704.8912929130926,993.0
705.1439060598872,993.0
705.3965095080843,1002.0
705.6491032576575,1005.0
705.9016873085812,1006.0
706.1542616608291,1012.0
706.4068263143752,1036.0
706.6593812691932,967.0
706.9119265252572,993.0
707.164462082541,1005.0
707.4169879410188,1000.0
707.6695041006641,984.0
707.9220105614511,1003.0
708.1745073233536,998.0
708.4269943863457,1005.0
708.6794717504011,1000.0
708.9319394154938,1036.0
709.1843973815979,981.0
709.4368456486869,997.0
709.6892842167351,1012.0
709.9417130857164,998.0
710.1941322556045,987.0
710.4465417263735,997.0
710.6989414979971,997.0
710.9513315704496,1006.0
711.2037119437045,1004.0
711.4560826177361,1042.0
711.708443592518,973.0
711.9607948680243,992.0
712.213136444229,996.0
712.4654683211057,1010.0
712.7177904986287,996.0
712.9701029767715,1005.0
713.2224057555085,997.0
713.4746988348132,1003.0
713.7269822146599,1002.0
713.9792558950222,1022.0
714.231519875874,970.0
714.4837741571896,1000.0
714.7360187389426,997.0
714.9882536211069,993.0
715.2404788036566,1003.0
715.4926942865656,999.0
715.7449000698076,996.0
715.9970961533567,992.0
716.2492825371868,1005.0
716.501459221272,1014.0
716.7536262055859,975.0
717.0057834901024,998.0
717.2579310747959,998.0
717.5100689596399,993.0
717.7621971446084,992.0
718.0143156296753,999.0
718.2664244148144,998.0
718.5185235,982.0
718.7706128852058,1006.0
719.0226925704058,1024.0
719.2747625555735,981.0
719.5268228406835,1005.0
719.7788734257092,998.0
720.0309143106249,995.0
720.2829454954041,988.0
720.534966980021,1005.0
720.7869787644495,999.0
721.0389808486634,1009.0
721.2909732326368,1011.0
721.5429559163434,1025.0
721.7949288997575,972.0
722.0468921828524,1001.0
722.2988457656026,985.0
722.5507896479819,994.0
722.8027238299638,992.0
723.0546483115228,991.0
723.3065630926325,999.0
723.5584681732669,997.0
723.8103635533998,1012.0
724.0622492330054,1021.0
724.3141252120573,984.0
724.5659914905295,1001.0
724.8178480683962,981.0
725.0696949456309,998.0
725.3215321222078,982.0
725.5733595981008,988.0
725.8251773732837,1004.0
726.0769854477305,990.0
726.3287838214152,1001.0
726.5805724943115,1012.0
726.8323514663933,980.0
727.084120737635,993.0
727.3358803080099,1017.0
727.5876301774923,1009.0
727.8393703460561,997.0
728.0911008136751,1001.0
728.3428215803233,999.0
728.5945326459745,1002.0
728.8462340106026,1001.0
729.0979256741819,1028.0
729.3496076366858,984.0
729.6012798980886,986.0
729.8529424583642,989.0
730.1045953174862,1001.0
730.3562384754288,998.0
730.6078719321658,991.0
730.8594956876711,990.0
731.1111097419189,986.0
731.3627140948826,995.0
731.6143087465367,1019.0
731.8658936968546,981.0
732.1174689458109,975.0
732.3690344933786,991.0
732.6205903395324,998.0
732.8721364842457,1006.0
733.1236729274929,1003.0
733.3751996692475,1000.0
733.6267167094836,995.0
733.8782240481752,1001.0
734.129721685296,1028.0
734.3812096208202,987.0
734.6326878547214,1003.0
734.8841563869737,994.0
735.1356152175513,989.0
735.3870643464273,979.0
735.6385037735766,990.0
735.8899334989725,991.0
736.1413535225892,996.0
736.3927638444003,1006.0
736.6441644643801,1026.0
736.8955553825023,981.0
737.1469365987408,1008.0
737.3983081130696,996.0
737.6496699254626,991.0
737.9010220358938,1000.0
738.152364444337,996.0
738.4036971507662,992.0
738.6550201551553,987.0
738.9063334574782,1004.0
739.1576370577087,1033.0
739.408930955821,987.0
739.6602151517889,999.0
739.911489645586,997.0
740.1627544371869,991.0
740.4140095265649,990.0
740.6652549136942,1004.0
740.9164905985486,1002.0
741.1677165811021,1002.0
741.4189328613287,1005.0
741.6701394392022,1027.0
741.9213363146966,968.0
742.1725234877857,989.0
742.4237009584436,985.0
742.6748687266439,994.0
742.926026792361,990.0
743.1771751555683,990.0
743.42831381624,998.0
743.67944277435,1012.0
743.9305620298724,1002.0
744.1816715827807,1041.0
744.4327714330492,974.0
744.6838615806516,1001.0
744.9349420255619,1004.0
745.186012767754,1010.0
745.4370738072018,993.0
745.6881251438792,997.0
745.9391667777604,985.0
746.1901987088189,989.0
746.4412209370289,998.0
746.6922334623642,1017.0
746.9432362847988,977.0
747.1942294043065,1006.0
747.4452128208612,995.0
747.6961865344371,1001.0
747.9471505450078,997.0
748.1981048525474,1004.0
748.4490494570298,987.0
748.6999843584289,985.0
748.9509095567186,1005.0
749.2018250518728,1027.0
749.4527308438654,974.0
749.7036269326704,1000.0
749.9545133182619,997.0
750.2053900006133,1001.0
750.4562569796991,982.0
750.7071142554928,983.0
750.9579618279685,1002.0
751.2087996971001,994.0
751.4596278628615,1004.0
751.7104463252266,1025.0
751.9612550841694,976.0
752.2120541396638,1012.0
752.4628434916835,998.0
752.7136231402029,1002.0
752.9643930851954,980.0
753.2151533266353,984.0
753.4659038644963,996.0
753.7166446987524,1001.0
753.9673758293776,1016.0
754.2180972563457,1041.0
754.4688089796306,985.0
754.7195109992062,1004.0
754.9702033150468,995.0
755.2208859271257,1006.0
755.4715588354173,1009.0
755.7222220398953,1025.0
755.9728755405337,1014.0
756.2235193373064,1006.0
756.4741534301871,1002.0
756.7247778191503,1015.0
756.9753925041692,969.0
757.2259974852184,1006.0
757.4765927622713,1002.0
757.7271783353021,990.0
757.9777542042846,1001.0
758.2283203691927,1004.0
758.4788768300004,1000.0
758.7294235866816,985.0
758.9799606392104,1000.0
759.2304879875602,1025.0
759.4810056317056,973.0
759.7315135716199,997.0
759.9820118072773,986.0
760.2325003386519,1003.0
760.4829791657174,1002.0
760.7334482884478,996.0
760.9839077068168,990.0
761.2343574207987,989.0
761.484797430367,1007.0
761.735227735496,1035.0
761.9856483361594,977.0
762.2360592323311,1001.0
762.4864604239852,996.0
762.7368519110954,1000.0
762.987233693636,1001.0
763.2376057715804,998.0
763.487968144903,999.0
763.7383208135773,1000.0
763.9886637775775,995.0
764.2389970368773,1013.0
764.4893205914509,969.0
764.7396344412722,1001.0
764.9899385863147,1021.0
765.2402330265528,1017.0
765.4905177619603,1005.0
765.740792792511,988.0
765.9910581181788,986.0
766.2413137389377,1011.0
766.4915596547617,1006.0
766.7417958656245,1017.0
766.9920223715003,973.0
767.2422391723628,1003.0
767.4924462681862,988.0
767.742643658944,988.0
767.9928313446105,999.0
768.2430093251593,1013.0
768.4931776005645,1009.0
768.7433361708001,997.0
768.9934850358397,1018.0
769.2436241956577,1026.0
769.4937536502277,973.0
769.7438733995237,1005.0
769.9939834435195,999.0
770.2440837821891,986.0
770.4941744155066,988.0
770.7442553434456,1001.0
770.9943265659803,993.0
771.2443880830843,1003.0
771.4944398947321,1009.0
771.7444820008968,1023.0
771.9945144015531,967.0
772.2445370966744,982.0
772.4945500862349,989.0
772.7445533702083,997.0
772.9945469485688,996.0
773.24453082129,987.0
773.4945049883461,985.0
773.7444694497109,1004.0
773.9944242053582,1013.0
774.2443692552622,1032.0
774.4943045993966,979.0
774.7442302377353,997.0
774.9941461702524,984.0
775.2440523969217,985.0
775.4939489177171,996.0
775.7438357326126,1002.0
775.9937128415821,989.0
776.2435802445996,984.0
776.4934379416388,1002.0
776.7432859326738,1021.0
776.9931242176782,980.0
777.2429527966265,1002.0
777.4927716694921,1004.0
777.7425808362494,1006.0
777.9923802968718,995.0
778.2421700513336,1006.0
778.4919500996084,1006.0
778.7417204416705,1003.0
778.9914810774935,996.0
779.2412320070515,1014.0
779.4909732303183,970.0
779.740704747268,983.0
779.9904265578743,988.0
780.2401386621113,993.0
780.4898410599528,993.0
780.7395337513728,1000.0
780.9892167363452,999.0
781.2388900148438,997.0
781.4885535868427,1002.0
781.7382074523157,1025.0
781.9878516112368,986.0
782.2374860635799,988.0
782.4871108093189,987.0
782.7367258484278,1001.0
782.9863311808803,997.0
783.2359268066505,988.0
783.4855127257123,981.0
783.7350889380396,993.0
783.9846554436065,998.0
784.2342122423864,1017.0
784.483759334354,969.0
784.7332967194824,991.0
784.9828243977461,998.0
785.2323423691188,994.0
785.4818506335743,993.0
785.7313491910869,994.0
785.9808380416301,994.0
786.2303171851781,1006.0
786.4797866217048,1007.0
786.7292463511839,1028.0
786.9786963735895,967.0
787.2281366888955,997.0
787.4775672970758,998.0
787.7269881981043,999.0
787.9763993919552,997.0
788.2258008786018,995.0
788.4751926580186,980.0
788.7245747301793,1007.0
788.9739470950577,1005.0
789.223309752628,1020.0
789.4726627028639,972.0
789.7220059457394,987.0
789.9713394812284,1002.0
790.2206633093049,1011.0
790.4699774299426,1008.0
790.7192818431157,997.0
790.9685765487978,991.0
791.2178615469633,1010.0
791.4671368375856,1016.0
791.7164024206389,1031.0
791.9656582960971,974.0
792.214904463934,1000.0
792.4641409241239,996.0
792.71336767664,993.0
792.962584721457,996.0
793.2117920585482,1013.0
793.460989687888,995.0
793.71017760945,983.0
793.9593558232083,1002.0
794.2085243291367,1018.0
794.4576831272093,966.0
794.7068322173998,993.0
794.9559715996821,1020.0
795.2051012740304,1014.0
795.4542212404183,990.0
795.7033314988199,988.0
795.9524320492092,991.0
796.2015228915599,989.0
796.4506040258461,1003.0
796.6996754520417,1029.0
796.9487371701205,994.0
797.1977891800564,993.0
797.4468314818234,994.0
797.6958640753957,997.0
797.9448869607467,1002.0
798.1939001378507,991.0
798.4429036066814,992.0
798.691897367213,987.0
798.9408814194189,1009.0
799.1898557632736,1040.0
799.4388203987506,979.0
799.6877753258242,993.0
799.9367205444681,1003.0
800.1856560546561,997.0
800.4345818563623,987.0
800.6834979495605,990.0
800.9324043342249,1004.0
801.181301010329,1006.0
801.430187977847,1023.0
801.6790652367528,1020.0
801.9279327870203,970.0
802.1767906286233,991.0
802.4256387615358,999.0
802.6744771857318,995.0
802.9233059011851,988.0
803.1721249078698,993.0
803.4209342057595,993.0
803.6697337948284,996.0
803.9185236750504,1005.0
804.1673038463992,1029.0
804.4160743088491,974.0
804.6648350623736,985.0
804.913586106947,984.0
805.1623274425428,1002.0
805.4110590691354,988.0
805.6597809866984,998.0
805.9084931952057,998.0
806.1571956946314,998.0
806.4058884849493,1003.0
806.6545715661333,1007.0
806.9032449381574,957.0
807.1519086009955,991.0
807.4005625546215,996.0
807.6492067990096,999.0
807.8978413341331,1000.0
808.1464661599663,1001.0
808.3950812764833,992.0
808.6436866836576,998.0
808.8922823814636,1001.0
809.1408683698746,1013.0
809.3894446488654,971.0
809.6380112184088,995.0
809.8865680784796,993.0
810.1351152290515,999.0
810.3836526700983,990.0
810.632180401594,990.0
810.8806984235125,985.0
811.1292067358277,996.0
811.3777053385134,995.0
811.6261942315439,1022.0
811.8746734148926,972.0
812.1231428885338,1000.0
812.3716026524414,989.0
812.6200527065893,1001.0
812.8684930509513,993.0
813.1169236855012,992.0
813.3653446102134,994.0
813.6137558250612,998.0
813.862157330019,1002.0
814.1105491250606,1026.0
814.3589312101599,973.0
814.6073035852907,998.0
814.855666250427,993.0
815.1040192055428,996.0
815.352362450612,993.0
815.6006959856085,989.0
815.849019810506,992.0
816.0973339252787,992.0
816.3456383299005,1007.0
816.5939330243451,1017.0
816.8422180085869,977.0
817.0904932825991,1005.0
817.3387588463564,995.0
817.5870146998321,996.0
817.8352608430006,1005.0
818.0834972758354,1001.0
818.3317239983104,992.0
818.5799410104001,993.0
818.8281483120778,1001.0
819.0763459033178,1021.0
819.3245337840938,965.0
819.5727119543799,996.0
819.8208804141497,990.0
820.0690391633775,1001.0
820.3171882020371,987.0
820.5653275301022,989.0
820.8134571475472,995.0
821.0615770543453,1003.0
821.3096872504713,1000.0
821.5577877358983,1028.0
821.8058785106008,965.0
822.0539595745524,980.0
822.3020309277271,978.0
822.5500925700989,978.0
822.7981445016417,987.0
823.0461867223294,990.0
823.2942192321357,987.0
823.5422420310349,981.0
823.7902551190007,993.0
824.0382584960071,1027.0
824.2862521620278,981.0
824.534236117037,994.0
824.7822103610087,1007.0
825.0301748939165,1003.0
825.2781297157344,996.0
825.5260748264366,1001.0
825.7740102259966,981.0
826.0219359143886,984.0
826.2698518915863,990.0
826.5177581575639,1018.0
826.7656547122951,976.0
827.013541555754,997.0
827.2614186879144,1001.0
827.5092861087503,1013.0
827.7571438182355,999.0
828.004991816344,990.0
828.2528301030497,997.0
828.5006586783264,988.0
828.7484775421484,1003.0
828.9962866944892,1017.0
829.2440861353228,975.0
829.4918758646234,994.0
829.7396558823647,989.0
829.9874261885204,1000.0
830.2351867830649,996.0
830.4829376659719,1000.0
830.7306788372151,1007.0
830.9784102967689,988.0
831.2261320446067,1001.0
831.4738440807029,1035.0
831.721546405031,966.0
831.9692390175651,992.0
832.2169219182792,993.0
832.464595107147,996.0
832.7122585841428,987.0
832.9599123492401,990.0
833.2075564024132,981.0
833.4551907436356,998.0
833.7028153728817,1001.0
833.9504302901249,1022.0
834.1980354953396,981.0
834.4456309884994,995.0
834.6932167695783,999.0
834.9407928385504,1009.0
835.1883591953892,996.0
835.4359158400691,998.0
835.6834627725636,996.0
835.9309999928472,987.0
836.1785275008932,1013.0
836.4260452966759,1027.0
836.6735533801688,966.0
836.9210517513462,1006.0
837.1685404101821,1004.0
837.4160193566502,1000.0
837.6634885907245,983.0
837.9109481123786,1008.0
838.158397921587,1000.0
838.4058380183233,992.0
838.6532684025613,1012.0
838.9006890742753,1027.0
839.1481000334387,977.0
839.395501280026,999.0
839.6428928140106,985.0
839.8902746353668,994.0
840.1376467440683,989.0
840.3850091400891,1003.0
840.6323618234031,1003.0
840.8797047939842,999.0
841.1270380518065,987.0
841.3743615968435,1007.0
841.6216754290697,963.0
841.8689795484584,993.0
842.1162739549841,978.0
842.3635586486201,992.0
842.6108336293411,1005.0
842.8580988971204,999.0
843.1053544519319,994.0
843.3526002937501,1004.0
843.5998364225484,1000.0
843.8470628383009,1018.0
844.0942795409813,986.0
844.3414865305639,999.0
844.5886838070224,996.0
844.8358713703307,992.0
845.0830492204628,998.0
845.3302173573926,995.0
845.577375781094,1001.0
845.824524491541,996.0
846.0716634887074,1005.0
846.318792772567,1015.0
846.5659123430942,963.0
846.8130222002624,992.0
847.0601223440457,996.0
847.3072127744182,992.0
847.5542934913535,986.0
847.801364494826,1000.0
848.0484257848091,986.0
848.295477361277,997.0
848.5425192242034,1000.0
848.7895513735625,1029.0
849.0365738093279,985.0
849.2835865314739,994.0
849.5305895399742,1005.0
849.7775828348028,999.0
850.0245664159336,989.0
850.2715402833404,1000.0
850.5185044369973,992.0
850.765458876878,990.0
851.0124036029566,1003.0
851.2593386152071,1020.0
851.5062639136031,974.0
851.7531794981189,995.0
852.000085368728,1000.0
852.2469815254047,997.0
852.4938679681228,994.0
852.7407446968562,991.0
852.9876117115788,985.0
853.2344690122644,1005.0
853.4813165988874,1002.0
853.7281544714209,1011.0
853.9749826298397,975.0
854.221801074117,991.0
854.4686098042273,991.0
854.715408820144,996.0
854.9621981218415,990.0
855.2089777092933,986.0
855.4557475824737,1005.0
855.7025077413564,1000.0
855.9492581859151,1014.0
856.1959989161244,1019.0
856.4427299319575,975.0
856.6894512333887,988.0
856.9361628203918,988.0
857.1828646929408,987.0
857.4295568510095,990.0
857.6762392945719,1001.0
857.9229120236021,1007.0
858.1695750380736,1012.0
858.4162283379608,1006.0
858.6628719232372,1012.0
858.909505793877,971.0
859.1561299498538,989.0
859.4027443911418,1004.0
859.6493491177151,991.0
859.8959441295472,990.0
860.1425294266122,987.0
860.389105008884,986.0
860.6356708763367,990.0
860.8822270289439,999.0
861.1287734666797,1028.0
861.375310189518,978.0
861.6218371974327,998.0
861.8683544903977,993.0
862.114862068387,1000.0
862.3613599313745,998.0
862.6078480793341,1006.0
862.8543265122397,986.0
863.1007952300653,992.0
863.3472542327846,985.0
863.5937035203718,1026.0
863.8401430928006,969.0
864.0865729500453,996.0
864.3329930920792,997.0
864.5794035188768,1004.0
864.8258042304117,998.0
865.0721952266579,998.0
865.3185765075892,983.0
865.5649480731797,992.0
865.8113099234033,1004.0
866.0576620582339,1010.0
866.3040044776454,973.0
866.5503371816117,990.0
866.7966601701067,995.0
867.0429734431043,1004.0
867.2892770005787,1000.0
867.5355708425034,1002.0
867.7818549688525,999.0
868.0281293796002,1006.0
868.2743940747198,999.0
868.5206490541858,1020.0
868.766894317972,981.0
869.0131298660519,1002.0
869.2593556984,1001.0
869.5055718149898,994.0
869.7517782157955,990.0
869.9979749007908,999.0
870.24416186995,1001.0
870.4903391232464,1002.0
870.7365066606544,1001.0
870.9826644821478,1017.0
871.2288125877005,972.0
871.4749509772863,995.0
871.7210796508793,1001.0
871.9671986084535,1004.0
872.2133078499825,1000.0
872.4594073754406,1004.0
872.7054971848014,986.0
872.9515772780389,986.0
873.1976476551272,1001.0
873.44370831604,1030.0
873.6897592607512,973.0
873.9358004892348,993.0
874.181832001465,1008.0
874.4278537974152,988.0
874.6738658770598,990.0
874.9198682403724,1003.0
875.1658608873271,983.0
875.4118438178975,990.0
875.6578170320579,1003.0
875.9037805297821,1015.0
876.149734311044,968.0
876.3956783758176,1008.0
876.6416127240767,994.0
876.8875373557953,996.0
877.1334522709471,1003.0
877.3793574695064,998.0
877.6252529514468,993.0
877.8711387167424,1001.0
878.1170147653671,1009.0
878.3628810972948,1026.0
878.6087377124994,976.0
878.8545846109547,993.0
879.1004217926348,1000.0
879.3462492575137,997.0
879.592067005565,988.0
879.8378750367629,1003.0
880.0836733510812,996.0
880.3294619484939,1016.0
880.5752408289748,1013.0
880.8210099924979,1024.0
881.066769439037,981.0
881.3125191685664,1013.0
881.5582591810595,1004.0
881.8039894764904,999.0
882.0497100548332,998.0
882.2954209160617,989.0
882.5411220601501,997.0
882.7868134870716,1002.0
883.0324951968009,1009.0
883.2781671893114,1020.0
883.5238294645773,980.0
883.7694820225723,997.0
884.0151248632704,990.0
884.2607579866458,993.0
884.5063813926721,999.0
884.7519950813233,983.0
884.9975990525734,1001.0
885.2431933063962,994.0
885.4887778427656,997.0
885.7343526616556,1012.0
885.9799177630401,977.0
886.225473146893,1003.0
886.4710188131884,998.0
886.7165547618998,992.0
886.9620809930017,994.0
887.2075975064676,990.0
887.4531043022715,1001.0
887.6986013803873,995.0
887.944088740789,1004.0
888.1895663834505,1026.0
888.4350343083456,966.0
888.6804925154485,990.0
888.9259410047329,979.0
889.1713797761728,999.0
889.416808829742,992.0
889.6622281654146,999.0
889.9076377831643,999.0
890.1530376829652,989.0
890.3984278647913,1005.0
890.6438083286162,1026.0
890.8891790744141,969.0
891.1345401021588,997.0
891.3798914118244,1002.0
891.6252330033844,998.0
891.8705648768133,999.0
892.1158870320844,992.0
892.361199469172,987.0
892.6065021880501,995.0
892.8517951886923,1008.0
893.0970784710728,1029.0
893.3423520351654,983.0
893.5876158809441,993.0
893.8328700083825,1000.0
894.078114417455,997.0
894.3233491081353,992.0
894.5685740803972,1000.0
894.8137893342149,1003.0
895.058994869562,993.0
895.3041906864125,1010.0
895.5493767847405,1040.0
895.7945531645198,966.0
896.0397198257243,984.0
896.284876768328,993.0
896.5300239923048,1004.0
896.7751614976285,996.0
897.0202892842732,988.0
897.2654073522126,1004.0
897.510515701421,1002.0
897.7556143318718,1008.0
898.0007032435394,1032.0
898.2457824363973,984.0
898.4908519104197,986.0
898.7359116655806,990.0
898.9809617018536,1004.0
899.226002019213,998.0
899.4710326176322,988.0
899.7160534970858,990.0
899.961064657547,993.0
900.2060660989903,1001.0
900.4510578213893,1016.0
900.696039824718,978.0
900.9410121089505,994.0
901.1859746740603,997.0
901.4309275200218,996.0
901.6758706468086,985.0
901.9208040543947,987.0
902.165727742754,1000.0
902.4106417118604,1002.0
902.6555459616881,1007.0
902.9004404922106,1022.0
903.1453253034022,976.0
903.3902003952364,998.0
903.6350657676876,984.0
903.8799214207291,984.0
904.1247673543356,983.0
904.3696035684804,994.0
904.6144300631377,985.0
904.8592468382814,995.0
905.1040538938853,996.0
905.3488512299233,1027.0
905.5936388463696,970.0
905.8384167431979,986.0
906.0831849203821,986.0
906.3279433778962,1002.0
906.5726921157141,993.0
906.8174311338096,1007.0
907.0621604321569,993.0
907.3068800107296,999.0
907.551589869502,1002.0
907.7962900084476,1026.0
908.0409804275406,971.0
908.2856611267548,999.0
908.5303321060642,993.0
908.7749933654427,999.0
909.0196449048641,988.0
909.2642867243025,990.0
909.5089188237316,990.0
909.7535412031257,988.0
909.9981538624583,1003.0
910.2427568017035,1027.0
910.4873500208353,977.0
910.7319335198274,1003.0
910.976507298654,995.0
911.2210713572888,997.0
911.4656256957059,996.0
911.710170313879,1014.0
911.9547052117822,1008.0
912.1992303893893,1006.0
912.4437458466742,1007.0
912.6882515836111,1032.0
912.9327476001736,963.0
913.1772338963358,991.0
913.4217104720715,986.0
913.6661773273547,989.0
913.9106344621592,980.0
914.1550818764592,988.0
914.3995195702284,989.0
914.6439475434407,990.0
914.8883657960702,999.0
915.1327743280906,1026.0
915.3771731394759,976.0
915.6215622302001,986.0
915.865941600237,987.0
916.1103112495605,1000.0
916.3546711781447,992.0
916.5990213859634,985.0
916.8433618729905,986.0
917.0876926392001,997.0
917.3320136845658,1013.0
917.5763250090619,1027.0
917.820626612662,972.0
918.0649184953402,996.0
918.3092006570703,984.0
918.5534730978262,998.0
918.7977358175821,997.0
919.0419888163115,999.0
919.2862320939888,991.0
919.5304656505874,996.0
919.7746894860817,996.0
920.0189036004452,1013.0
920.2631079936523,970.0
920.5073026656763,997.0
920.7514876164915,992.0
920.995662846072,998.0
921.2398283543914,1002.0
921.4839841414238,999.0
921.728130207143,1005.0
921.9722665515229,995.0
922.2163931745375,998.0
922.4605100761607,1026.0
922.7046172563665,972.0
922.9487147151286,985.0
923.1928024524211,1000.0
923.436880468218,995.0
923.680948762493,988.0
923.9250073352201,994.0
924.1690561863735,994.0
924.4130953159265,1002.0
924.6571247238535,1012.0
924.9011444101284,1025.0
925.1451543747249,963.0
925.3891546176172,990.0
925.6331451387789,993.0
925.8771259381843,995.0
926.1210970158069,972.0
926.365058371621,983.0
926.6090100056,992.0
926.8529519177184,992.0
927.0968841079499,1012.0
927.3408065762685,1018.0
927.5847193226479,969.0
927.8286223470622,992.0
928.0725156494851,995.0
928.3163992298909,999.0
928.5602730882532,991.0
928.8041372245459,985.0
929.0479916387432,998.0
929.2918363308189,991.0
929.5356713007467,1009.0
929.7794965485009,1017.0
930.0233120740551,973.0
930.2671178773835,997.0
930.5109139584597,989.0
930.7547003172579,984.0
930.9984769537518,998.0
931.2422438679154,997.0
931.4860010597228,996.0
931.7297485291476,991.0
931.9734862761641,1002.0
932.2172143007458,1027.0
932.4609326028669,970.0
932.7046411825013,990.0
932.9483400396227,989.0
933.1920291742055,997.0
933.435708586223,985.0
933.6793782756496,992.0
933.923038242459,990.0
934.1666884866252,1002.0
934.410329008122,1003.0
934.6539598069236,1024.0
934.8975808830033,972.0
935.1411922363358,985.0
935.3847938668946,988.0
935.6283857746537,1001.0
935.8719679595871,1013.0
936.1155404216684,994.0
936.3591031608719,997.0
936.6026561771713,995.0
936.8461994705405,1005.0
937.0897330409537,1028.0
937.3332568883845,978.0
937.5767710128072,991.0
937.8202754141951,998.0
938.0637700925228,996.0
938.3072550477636,994.0
938.550730279892,1000.0
938.7941957888816,999.0
939.0376515747062,994.0
939.28109763734,985.0
939.5245339767569,1022.0
939.7679605929306,975.0
940.0113774858352,995.0
940.2547846554446,1008.0
940.4981821017326,1010.0
940.7415698246733,990.0
940.9849478242404,992.0
941.228316100408,993.0
941.4716746531501,995.0
941.7150234824403,1005.0
941.9583625882528,1018.0
942.2016919705615,966.0
942.4450116293402,993.0
942.6883215645629,1007.0
942.9316217762034,1000.0
943.1749122642358,999.0
943.4181930286338,996.0
943.6614640693717,993.0
943.9047253864229,991.0
944.1479769797618,991.0
944.391218849362,1020.0
944.6344509951975,963.0
944.8776734172422,979.0
945.1208861154702,990.0
945.3640890898554,990.0
945.6072823403713,988.0
945.8504658669924,986.0
946.0936396696923,1000.0
946.3368037484449,992.0
946.5799581032242,1002.0
946.8231027340042,1015.0
947.0662376407586,969.0
947.3093628234615,1002.0
947.5524782820869,980.0
947.7955840166084,1000.0
948.0386800270002,1002.0
948.2817663132361,1004.0
948.5248428752901,991.0
948.7679097131361,996.0
949.0109668267479,1004.0
949.2540142160996,1019.0
949.4970518811649,969.0
949.740079821918,1001.0
949.9830980383325,992.0
950.2261065303827,998.0
950.4691052980422,995.0
950.7120943412851,991.0
950.9550736600852,996.0
951.1980432544165,990.0
951.4410031242528,993.0
951.6839532695682,1032.0
951.9268936903366,982.0
952.1698243865318,1009.0
952.4127453581277,1006.0
952.6556566050984,1004.0
952.8985581274177,990.0
953.1414499250594,992.0
953.3843319979977,992.0
953.6272043462063,1006.0
953.8700669696592,1000.0
954.1129198683304,1031.0
954.3557630421936,985.0
954.598596491223,990.0
954.8414202153923,991.0
955.0842342146755,995.0
955.3270384890466,984.0
955.5698330384793,993.0
955.8126178629477,1000.0
956.0553929624257,994.0
956.2981583368872,1010.0
956.5409139863061,1027.0
956.7836599106564,965.0
957.0263961099118,978.0
957.2691225840464,990.0
957.5118393330342,997.0
957.754546356849,989.0
957.9972436554647,988.0
958.2399312288552,982.0
958.4826090769947,986.0
958.7252771998567,998.0
958.9679355974155,1024.0
959.2105842696445,977.0
959.4532232165183,982.0
959.6958524380103,982.0
959.9384719340945,986.0
960.1810817047451,992.0
960.4236817499358,997.0
960.6662720696406,999.0
960.9088526638333,996.0
961.1514235324878,996.0
961.3939846755784,1024.0
961.6365360930786,976.0
961.8790777849624,998.0
962.1216097512037,984.0
962.3641319917767,995.0
962.606644506655,983.0
962.8491472958127,992.0
963.0916403592237,992.0
963.3341236968618,998.0
963.5765973087009,990.0
963.8190611947151,1014.0
964.0615153548783,964.0
964.3039597891644,977.0
964.5463944975472,996.0
964.7888194800006,1003.0
965.0312347364988,996.0
965.2736402670155,992.0
965.5160360715246,989.0
965.7584221500001,989.0
966.0007985024159,989.0
966.243165128746,1013.0
966.485522028964,978.0
966.7278692030444,1002.0
966.9702066509604,983.0
967.2125343726866,986.0
967.4548523681965,991.0
967.6971606374641,988.0
967.9394591804636,1001.0
968.1817479971685,997.0
968.4240270875529,992.0
968.6662964515907,1018.0
968.908556089256,980.0
969.1508060005223,1003.0
969.3930461853639,997.0
969.6352766437547,991.0
969.8774973756683,1001.0
970.119708381079,1013.0
970.3619096599606,997.0
970.6041012122869,998.0
970.846283038032,1003.0
971.0884551371696,1031.0
971.3306175096737,976.0
971.5727701555184,983.0
971.8149130746775,987.0
972.0570462671247,994.0
972.2991697328343,989.0
972.54128347178,997.0
972.7833874839358,986.0
973.0254817692755,989.0
973.2675663277731,996.0
973.5096411594027,1010.0
973.7517062641379,977.0
973.9937616419528,1003.0
974.2358072928213,1000.0
974.4778432167172,1006.0
974.7198694136146,1002.0
974.9618858834873,997.0
975.2038926263093,993.0
975.4458896420545,993.0
975.6878769306968,1002.0
975.9298544922101,1029.0
976.1718223265684,975.0
976.4137804337454,1004.0
976.6557288137154,985.0
976.8976674664519,984.0
977.1395963919293,986.0
977.381515590121,992.0
977.6234250610012,984.0
977.8653248045439,1008.0
978.1072148207228,1007.0
978.349095109512,1017.0
978.5909656708852,971.0
978.8328265048167,1002.0
979.0746776112799,994.0
979.316518990249,1012.0
979.5583506416982,989.0
979.8001725656011,981.0
980.0419847619316,989.0
980.2837872306635,994.0
980.5255799717712,1003.0
980.7673629852283,1012.0
981.0091362710086,968.0
981.2508998290862,993.0
981.4926536594351,1004.0
981.734397762029,996.0
981.9761321368418,989.0
982.2178567838478,996.0
982.4595717030206,1001.0
982.7012768943342,1000.0
982.9429723577622,1001.0
983.1846580932793,1021.0
983.4263341008586,969.0
983.6680003804744,990.0
983.9096569321008,980.0
984.1513037557114,1005.0
984.3929408512804,990.0
984.6345682187812,999.0
984.8761858581883,1000.0
985.1177937694753,997.0
985.3593919526161,1011.0
985.6009804075849,1029.0
985.8425591343554,974.0
986.0841281329017,993.0
986.3256874031972,986.0
986.5672369452166,984.0
986.8087767589334,996.0
987.0503068443215,1008.0
987.2918272013546,1004.0
987.5333378300072,993.0
987.7748387302529,1000.0
988.0163299020653,1011.0
988.257811345419,977.0
988.4992830602876,999.0
988.7407450466447,1004.0
988.9821973044646,990.0
989.2236398337212,993.0
989.4650726343884,990.0
989.7064957064399,997.0
989.94790904985,988.0
990.1893126645923,990.0
990.4307065506409,1018.0
990.6720907079695,965.0
990.9134651365523,998.0
991.1548298363631,992.0
991.3961848073757,985.0
991.6375300495642,981.0
991.8788655629025,996.0
992.1201913473645,1001.0
992.3615074029238,1008.0
992.6028137295548,1010.0
992.8441103272314,1016.0
993.0853971959273,979.0
993.3266743356161,1008.0
993.5679417462725,995.0
993.80919942787,996.0
994.0504473803821,995.0
994.2916856037835,990.0
994.5329140980479,980.0
994.774132863149,997.0
995.0153418990604,1009.0
995.256541205757,1022.0
995.4977307832119,966.0
995.7389106313991,993.0
995.980080750293,987.0
996.2212411398671,996.0
996.4623918000955,994.0
996.7035327309518,983.0
996.9446639324104,977.0
997.185785404445,995.0
997.4268971470293,1008.0
997.6679991601377,1029.0
997.9090914437438,981.0
998.1501739978215,1002.0
998.3912468223447,993.0
998.6323099172876,986.0
998.8733632826239,978.0
999.1144069183275,989.0
999.3554408243724,993.0
999.5964650007325,1005.0
999.8374794473817,1005.0
1000.0784841642937,1013.0
1000.319479151443,966.0
1000.5604644088031,984.0
1000.8014399363481,984.0
1001.0424057340515,985.0
1001.2833618018876,1001.0
1001.5243081398305,1003.0
1001.7652447478536,1003.0
1002.0061716259313,1001.0
1002.2470887740373,1003.0
1002.4879961921455,1022.0
1002.7288938802296,970.0
1002.9697818382641,989.0
1003.2106600662227,1001.0
1003.4515285640788,1010.0
1003.6923873318069,995.0
1003.9332363693809,994.0
1004.1740756767746,998.0
1004.4149052539616,1001.0
1004.6557251009162,1003.0
1004.8965352176125,1027.0
1005.137335604024,976.0
1005.3781262601246,994.0
1005.6189071858887,995.0
1005.8596783812898,998.0
1006.1004398463017,991.0
1006.3411915808988,1004.0
1006.5819335850549,985.0
1006.8226658587437,993.0
1007.0633884019389,1003.0
1007.3041012146151,1031.0
1007.5448042967458,977.0
1007.7854976483048,995.0
1008.0261812692664,993.0
1008.2668551596043,1006.0
1008.5075193192926,994.0
1008.7481737483046,994.0
1008.9888184466149,991.0
1009.2294534141973,993.0
1009.4700786510253,1001.0
1009.7106941570735,1024.0
1009.9512999323154,981.0
1010.1918959767249,998.0
1010.4324822902759,981.0
1010.6730588729425,990.0
1010.9136257246987,982.0
1011.1541828455182,1004.0
1011.3947302353747,992.0
1011.6352678942427,1005.0
1011.8757958220957,1004.0
1012.1163140189077,1029.0
1012.3568224846528,973.0
1012.5973212193047,990.0
1012.8378102228374,995.0
1013.0782894952248,998.0
1013.3187590364408,981.0
1013.5592188464595,988.0
1013.7996689252545,977.0
1014.0401092728,994.0
1014.2805398890699,1001.0
1014.520960774038,1022.0
1014.761371927678,975.0
1015.0017733499644,1003.0
1015.2421650408708,994.0
1015.4825470003708,994.0
1015.7229192284389,988.0
1015.9632817250488,995.0
1016.2036344901744,988.0
1016.4439775237893,1003.0
1016.6843108258679,995.0
1016.924634396384,1021.0
1017.1649482353116,967.0
1017.4052523426242,1004.0
1017.645546718296,1001.0
1017.8858313623012,988.0
1018.1261062746131,1002.0
1018.3663714552061,1000.0
1018.6066269040542,992.0
1018.846872621131,986.0
1019.0871086064102,998.0
1019.3273348598664,1021.0
1019.5675513814731,980.0
1019.807758171204,999.0
1020.0479552290336,986.0
1020.2881425549355,976.0
1020.5283201488836,982.0
1020.7684880108518,983.0
1021.0086461408142,980.0
1021.2487945387445,993.0
1021.4889332046166,1009.0
1021.7290621384047,1024.0
1021.9691813400827,980.0
1022.2092908096243,990.0
1022.4493905470034,986.0
1022.689480552194,1002.0
1022.9295608251703,997.0
1023.1696313659058,984.0
1023.4096921743744,987.0
1023.6497432505504,986.0
1023.8897845944075,996.0
1024.1298162059197,1015.0
1024.3698380850608,979.0
1024.6098502318048,1002.0
1024.8498526461256,1000.0
1025.089845327997,990.0
1025.3298282773933,989.0
1025.5698014942882,988.0
1025.809764978655,990.0
1026.0497187304688,1000.0
1026.2896627497028,1003.0
1026.529597036331,1021.0
1026.7695215903273,983.0
1027.0094364116655,1001.0
1027.24934150032,998.0
1027.4892368562644,997.0
1027.7291224794726,995.0
1027.9689983699186,993.0
1028.2088645275765,994.0
1028.4487209524195,995.0
1028.6885676444224,996.0
1028.9284046035589,1018.0
1029.1682318298024,962.0
1029.4080493231272,998.0
1029.6478570835075,1010.0
1029.8876551109165,1006.0
1030.1274434053287,994.0
1030.367221966718,997.0
1030.6069907950582,998.0
1030.846749890323,993.0
1031.0864992524866,1002.0
1031.326238881523,1030.0
1031.565968777406,968.0
1031.8056889401093,997.0
1032.0453993696071,976.0
1032.2851000658732,990.0
1032.5247910288815,992.0
1032.7644722586058,994.0
1033.0041437550206,988.0
1033.2438055180992,1003.0
1033.4834575478158,1015.0
1033.7230998441441,1023.0
1033.9627324070584,974.0
1034.2023552365324,1004.0
1034.4419683325395,1000.0
1034.6815716950546,1003.0
1034.921165324051,1002.0
1035.160749219503,1001.0
1035.400323381384,994.0
1035.6398878096684,1002.0
1035.8794425043295,1018.0
1036.118987465342,1023.0
1036.3585226926796,983.0
1036.598048186316,998.0
1036.8375639462251,1001.0
1037.0770699723807,1006.0
1037.3165662647575,998.0
1037.5560528233286,1001.0
1037.795529648068,1001.0
1038.03499673895,996.0
1038.2744540959484,996.0
1038.513901719037,1033.0
1038.7533396081897,987.0
1038.9927677633805,1005.0
1039.2321861845835,999.0
1039.471594871772,987.0
1039.7109938249207,988.0
1039.950383044003,1003.0
1040.1897625289932,989.0
1040.429132279865,992.0
1040.6684922965921,1014.0
1040.9078425791488,1026.0
1041.147183127509,978.0
1041.3865139416462,995.0
1041.6258350215348,984.0
1041.8651463671483,999.0
1042.1044479784612,988.0
1042.3437398554468,983.0
1042.5830219980796,987.0
1042.822294406333,997.0
1043.0615570801808,1002.0
1043.3008100195977,1025.0
1043.5400532245571,969.0
1043.7792866950329,993.0
1044.0185104309994,998.0
1044.2577244324298,1006.0
1044.496928699299,986.0
1044.7361232315795,996.0
1044.975308029247,988.0
1045.2144830922741,1001.0
1045.4536484206349,1001.0
1045.6928040143039,1029.0
1045.9319498732546,969.0
1046.171085997461,987.0
1046.410212386897,986.0
1046.6493290415365,997.0
1046.8884359613537,1006.0
1047.1275331463219,1005.0
1047.3666205964155,986.0
1047.6056983116084,986.0
1047.8447662918745,997.0
1048.0838245371874,1018.0
1048.3228730475216,967.0
1048.5619118228506,985.0
1048.8009408631483,998.0
1049.0399601683887,999.0
1049.2789697385458,1010.0
1049.5179695735935,1006.0
1049.7569596735057,983.0
1049.995940038256,996.0
1050.2349106678193,997.0
1050.4738715621686,1029.0
1050.7128227212777,976.0
1050.9517641451212,1004.0
1051.1906958336726,996.0
1051.429617786906,997.0
1051.6685300047955,996.0
1051.9074324873145,1001.0
1052.1463252344374,988.0
1052.3852082461374,982.0
1052.6240815223896,1003.0
1052.862945063167,1018.0
1053.101798868444,976.0
1053.3406429381937,982.0
1053.579477272391,987.0
1053.8183018710095,1000.0
1054.0571167340227,989.0
1054.295921861405,977.0
1054.5347172531306,995.0
1054.7735029091725,983.0
1055.0122788295055,996.0
1055.2510450141028,1026.0
1055.489801462939,970.0
1055.7285481759875,991.0
1055.9672851532225,1001.0
1056.2060123946183,1009.0
1056.4447299001479,994.0
1056.6834376697855,998.0
1056.9221357035053,994.0
1057.1608240012813,994.0
1057.399502563087,1004.0
1057.6381713888966,1013.0
1057.8768304786843,972.0
1058.1154798324235,985.0
1058.3541194500883,995.0
1058.5927493316526,1004.0
1058.8313694770904,1004.0
1059.0699798863757,987.0
1059.308580559482,986.0
1059.5471714963837,988.0
1059.7857526970547,1008.0
1060.0243241614683,1012.0
1060.2628858895991,986.0
1060.5014378814212,1004.0
1060.7399801369077,997.0
1060.9785126560328,991.0
1061.217035438771,992.0
1061.4555484850957,989.0
1061.6940517949806,994.0
1061.9325453684,994.0
1062.171029205328,1008.0
1062.4095033057379,1028.0
1062.6479676696042,963.0
1062.8864222969007,1000.0
1063.124867187601,1015.0
1063.3633023416792,991.0
1063.6017277591095,981.0
1063.8401434398654,988.0
1064.0785493839212,988.0
1064.3169455912503,996.0
1064.5553320618271,1002.0
1064.7937087956254,1022.0
1065.0320757926193,975.0
1065.2704330527822,989.0
1065.5087805760884,988.0
1065.7471183625119,998.0
1065.985446412026,998.0
1066.2237647246056,996.0
1066.462073300224,996.0
1066.700372138855,1005.0
1066.9386612404726,1009.0
1067.1769406050512,1012.0
1067.4152102325645,978.0
1067.653470122986,998.0
1067.8917202762898,997.0
1068.1299606924504,1005.0
1068.3681913714408,991.0
1068.6064123132355,998.0
1068.8446235178085,996.0
1069.0828249851334,1012.0
1069.3210167151844,1018.0
1069.5591987079351,1020.0
1069.7973709633598,974.0
1070.035533481432,988.0
1070.2736862621255,996.0
1070.511829305415,991.0
1070.749962611274,987.0
1070.9880861796762,982.0
1071.2262000105954,996.0
1071.4643041040065,990.0
1071.7023984598825,1003.0
1071.940483078197,1027.0
1072.1785579589252,974.0
1072.4166231020401,994.0
1072.6546785075159,1004.0
1072.8927241753263,1001.0
1073.1307601054455,998.0
1073.368786297847,998.0
1073.6068027525052,980.0
1073.8448094693938,991.0
1074.0828064484867,994.0
1074.3207936897581,1026.0
1074.5587711931814,971.0
1074.7967389587309,997.0
1075.0346969863804,989.0
1075.2726452761037,997.0
1075.5105838278753,995.0
1075.7485126416684,994.0
1075.9864317174572,982.0
1076.2243410552155,983.0
1076.4622406549177,992.0
1076.7001305165372,1031.0
1076.938010640048,979.0
1077.1758810254241,995.0
1077.4137416726396,993.0
1077.6515925816682,987.0
1077.8894337524835,983.0
1078.1272651850602,988.0
1078.3650868793718,995.0
1078.6028988353924,993.0
1078.840701053095,1003.0
1079.078493532455,1022.0
1079.3162762734453,982.0
1079.55404927604,989.0
1079.7918125402132,993.0
1080.029566065939,999.0
1080.267309853191,994.0
1080.5050439019428,984.0
1080.742768212169,987.0
1080.9804827838434,987.0
1081.2181876169393,990.0
1081.4558827114315,1010.0
1081.6935680672932,969.0
1081.931243684499,991.0
1082.1689095630218,997.0
1082.4065657028366,994.0
1082.6442121039167,1005.0
1082.8818487662363,1005.0
1083.1194756897692,1000.0
1083.3570928744894,1002.0
1083.5947003203703,1009.0
1083.8322980273867,1026.0
1084.069885995512,980.0
1084.3074642247202,992.0
1084.5450327149854,996.0
1084.782591466281,995.0
1085.0201404785814,999.0
1085.2576797518607,998.0
1085.495209286092,996.0
1085.73272908125,990.0
1085.9702391373082,1007.0
1086.207739454241,1035.0
1086.4452300320218,981.0
1086.6827108706245,997.0
1086.9201819700238,997.0
1087.1576433301923,1002.0
1087.3950949511052,998.0
1087.632536832736,994.0
1087.869968975058,993.0
1088.1073913780458,1004.0
1088.3448040416731,1009.0
1088.582206965914,1012.0
1088.8196001507426,965.0
1089.056983596132,982.0
1089.294357302057,984.0
1089.531721268491,1004.0
1089.769075495408,999.0
1090.006419982782,997.0
1090.243754730587,982.0
1090.4810797387968,998.0
1090.7183950073852,997.0
1090.9557005363265,1018.0
1091.1929963255945,970.0
1091.4302823751627,997.0
1091.6675586850054,997.0
1091.9048252550967,992.0
1092.14208208541,990.0
1092.3793291759196,995.0
1092.6165665265992,990.0
1092.853794137423,990.0
1093.0910120083645,1000.0
1093.3282201393981,1032.0
1093.5654185304975,974.0
1093.8026071816366,1007.0
1094.0397860927894,1005.0
1094.2769552639295,1000.0
1094.5141146950314,983.0
1094.7512643860684,992.0
1094.9884043370148,994.0
1095.2255345478445,988.0
1095.4626550185314,1001.0
1095.699765749049,1014.0
1095.936866739372,972.0
1096.1739579894738,995.0
1096.4110394993286,996.0
1096.6481112689096,999.0
1096.8851732981918,1001.0
1097.1222255871487,995.0
1097.3592681357536,995.0
1097.596300943981,981.0
1097.8333240118054,995.0
1098.0703373391996,1020.0
1098.3073409261378,967.0
1098.5443347725945,991.0
1098.781318878543,990.0
1099.0182932439575,1000.0
1099.255257868812,997.0
1099.4922127530801,999.0
1099.729157896736,1004.0
1099.9660932997535,1003.0
1100.2030189621066,998.0
1100.4399348837692,1015.0
1100.6768410647155,965.0
1100.9137375049186,994.0
1101.1506242043533,996.0
1101.387501162993,1005.0
1101.6243683808113,999.0
1101.8612258577834,997.0
1102.0980735938822,983.0
1102.3349115890817,985.0
1102.5717398433558,995.0
1102.8085583566788,1020.0
1103.0453671290243,985.0
1103.2821661603664,995.0
1103.518955450679,996.0
1103.7557349999358,986.0
1103.9925048081109,992.0
1104.2292648751782,992.0
1104.4660152011118,989.0
1104.7027557858853,1002.0
1104.9394866294726,1006.0
1105.176207731848,1018.0
1105.4129190929852,982.0
1105.649620712858,1000.0
1105.8863125914404,1015.0
1106.1229947287065,997.0
1106.35966712463,1001.0
1106.596329779185,998.0
1106.832982692345,985.0
1107.0696258640846,998.0
1107.3062592943775,1012.0
1107.542882983197,1017.0
1107.7794969305178,970.0
1108.0161011363134,989.0
1108.252695600558,993.0
1108.4892803232249,984.0
1108.7258553042889,992.0
1108.9624205437235,990.0
1109.1989760415024,991.0
1109.4355217976,1002.0
1109.67205781199,1004.0
1109.908584084646,1028.0
1110.1451006155423,974.0
1110.3816074046526,990.0
1110.6181044519512,998.0
1110.8545917574115,1004.0
1111.0910693210078,994.0
1111.327537142714,997.0
1111.563995222504,990.0
1111.8004435603514,996.0
1112.0368821562304,1005.0
1112.273311010115,1012.0
1112.509730121979,967.0
1112.7461394917962,995.0
1112.9825391195404,988.0
1113.2189290051863,1003.0
1113.4553091487069,1006.0
1113.6916795500767,998.0
1113.9280402092693,983.0
1114.1643911262588,985.0
1114.400732301019,994.0
1114.637063733524,1024.0
1114.8733854237478,985.0
1115.1096973716635,1006.0
1115.3459995772462,1000.0
1115.582292040469,985.0
1115.8185747613063,993.0
1116.0548477397315,991.0
1116.291110975719,1003.0
1116.5273644692425,1001.0
1116.7636082202757,1000.0
1116.9998422287933,1025.0
1117.2360664947685,972.0
1117.4722810181756,986.0
1117.7084857989878,990.0
1117.94468083718,987.0
1118.1808661327257,995.0
1118.4170416855989,997.0
1118.653207495773,1004.0
1118.8893635632223,996.0
1119.1255098879212,1001.0
1119.3616464698428,1022.0
1119.5977733089617,976.0
1119.8338904052516,990.0
1120.0699977586862,984.0
1120.3060953692393,997.0
1120.5421832368854,1009.0
